firm_id,list_year,fiscal_year,rank,tie,state,revenue_usd,residential_installs,commercial_installs,employees,pct_rmr,rev_per_employee_usd,revenue_band,years_in_business,business_outlook,verified_by_publisher,outlier_excluded_from_excl_metrics
F0001,2009,2008,1,N,PA,38603438,52309,,1500,,25736,g. $25M+,58,,,Y
F0002,2009,2008,2,N,TX,26847972,1408,,112,,239714,g. $25M+,22,,Y,N
F0003,2009,2008,3,N,NY,26700000,160,,110,,242727,g. $25M+,34,,,N
F0004,2009,2008,4,N,CA,23675000,1923,,67,,353358,f. $10M-25M,28,,Y,N
F0005,2009,2008,5,N,NY,18000000,100,,56,,321429,f. $10M-25M,31,,Y,N
F0006,2009,2008,6,N,CA,15216859,3000,,130,,117053,f. $10M-25M,10,,,N
F0007,2009,2008,7,N,FL,14100000,238,,88,,160227,f. $10M-25M,22,,Y,N
F0008,2009,2008,8,N,MD,14000000,2400,,145,,96552,f. $10M-25M,54,,Y,N
F0009,2009,2008,9,N,CT,13634210,152,,30,,454474,f. $10M-25M,14,,Y,N
F0010,2009,2008,10,N,NY,13068146,229,,50,,261363,f. $10M-25M,27,,Y,N
F0011,2009,2008,11,N,CA,12188499,2500,,100,,121885,f. $10M-25M,25,,Y,N
F0012,2009,2008,12,N,CA,11378066,30,,53,,214680,f. $10M-25M,16,,Y,N
F0013,2009,2008,13,N,AL,11100000,75,,50,,222000,f. $10M-25M,10,,,N
F0014,2009,2008,13,N,NJ,11100000,75,,53,,209434,f. $10M-25M,22,,,N
F0015,2009,2008,15,N,MA,11000000,175,,50,,220000,f. $10M-25M,35,,Y,N
F0016,2009,2008,16,N,MD,10775000,,,,,,f. $10M-25M,32,,Y,N
F0017,2009,2008,17,N,WA,10597040,271,,62,,170920,f. $10M-25M,34,,Y,N
F0018,2009,2008,18,N,PA,10000000,1500,,60,,166667,f. $10M-25M,54,,Y,N
F0019,2009,2008,19,N,CA,9981483,,,45,,221811,e. $5M-10M,54,,,N
F0020,2009,2008,20,N,CA,9824092,40,,48,,204669,e. $5M-10M,15,,,N
F0021,2009,2008,21,N,?Okla.,9800000,450,,62,,158065,e. $5M-10M,25,,Y,N
F0022,2009,2008,22,N,PA,9612920,,,68,,141366,e. $5M-10M,30,,Y,N
F0023,2009,2008,23,N,AZ,9388000,150,,45,,208622,e. $5M-10M,14,,Y,N
F0024,2009,2008,24,N,NY,9323611,250,,60,,155394,e. $5M-10M,15,,Y,N
F0025,2009,2008,25,N,NY,7960460,84,,22,,361839,e. $5M-10M,22,,Y,N
F0026,2009,2008,26,N,MN,7500000,240,,60,,125000,e. $5M-10M,18,,Y,N
F0027,2009,2008,27,N,MO,7200000,750,,43,,167442,e. $5M-10M,26,,Y,N
F0028,2009,2008,28,N,TX,7075000,1200,,88,,80398,e. $5M-10M,33,,Y,N
F0029,2009,2008,29,N,AZ,7021000,,,,,,e. $5M-10M,8,,Y,N
F0030,2009,2008,30,N,NV,7000000,1600,,50,,140000,e. $5M-10M,23,,Y,N
F0031,2009,2008,30,N,UT,7000000,120,,42,,166667,e. $5M-10M,8,,Y,N
F0032,2009,2008,32,N,NY,6406387,100,,20,,320319,e. $5M-10M,20,,Y,N
F0033,2009,2008,33,N,UT,6352422,150,,45,,141165,e. $5M-10M,15,,,N
F0034,2009,2008,34,N,CA,5985569,36,,17,,352092,e. $5M-10M,14,,Y,N
F0035,2009,2008,35,N,?Alberta Canada,5800000,2600,,35,,165714,e. $5M-10M,16,,Y,N
F0036,2009,2008,36,N,AZ,5600000,3125,,45,,124444,e. $5M-10M,14,,Y,N
F0037,2009,2008,37,N,?N.H.,5500000,50,,23,,239130,e. $5M-10M,5,,Y,N
F0038,2009,2008,38,N,TX,5400000,60,,25,,216000,e. $5M-10M,13,,,N
F0039,2009,2008,39,N,MN,5225514,156,,28,,186626,e. $5M-10M,19,,,N
F0040,2009,2008,40,N,MD,5200000,1350,,25,,208000,e. $5M-10M,15,,,N
F0041,2009,2008,41,N,IN,5111233,110,,28,,182544,e. $5M-10M,12,,Y,N
F0042,2009,2008,42,N,TX,5000000,450,,40,,125000,e. $5M-10M,23,,Y,N
F0043,2009,2008,42,N,NY,5000000,400,,45,,111111,e. $5M-10M,30,,Y,N
F0044,2009,2008,44,N,VA,5000000,100,,27,,185185,e. $5M-10M,30,,Y,N
F0045,2009,2008,45,N,NY,4950000,125,,10,,495000,d. $3M-5M,15,,Y,N
F0046,2009,2008,46,N,TX,4907772,108,,36,,136327,d. $3M-5M,25,,,N
F0047,2009,2008,47,N,NC,4900000,480,,18,,272222,d. $3M-5M,11,,Y,N
F0048,2009,2008,48,N,GA,4700000,3200,,60,,78333,d. $3M-5M,10,,Y,N
F0049,2009,2008,49,N,TX,4500000,400,,24,,187500,d. $3M-5M,24,,Y,N
F0050,2009,2008,49,N,FL,4500000,200,,27,,166667,d. $3M-5M,10,,Y,N
F0051,2009,2008,49,N,CA,4500000,125,,30,,150000,d. $3M-5M,18,,Y,N
F0052,2009,2008,52,N,GA,4400000,190,,20,,220000,d. $3M-5M,20,,,N
F0053,2009,2008,53,N,MN,4373055,254,,24,,182211,d. $3M-5M,18,,Y,N
F0054,2009,2008,54,N,AR,4337000,156,,11,,394273,d. $3M-5M,7,,Y,N
F0055,2009,2008,55,N,MI,4256000,70,,25,,170240,d. $3M-5M,15,,Y,N
F0056,2009,2008,56,N,TN,4200000,40,,19,,221053,d. $3M-5M,14,,Y,N
F0057,2009,2008,56,N,LA,4200000,35,,10,,420000,d. $3M-5M,15,,,N
F0058,2009,2008,58,N,CA,4134209,65,,17,,243189,d. $3M-5M,32,,Y,N
F0059,2009,2008,59,N,IL,4000000,1377,,40,,100000,d. $3M-5M,14,,Y,N
F0060,2009,2008,60,N,MI,3993078,36,,18,,221838,d. $3M-5M,12,,,N
F0061,2009,2008,61,N,OR,3984000,500,,28,,142286,d. $3M-5M,25,,Y,N
F0062,2009,2008,62,N,NJ,3943297,48,,18,,219072,d. $3M-5M,25,,Y,N
F0063,2009,2008,63,N,TX,3940000,25,,14,,281429,d. $3M-5M,23,,Y,N
F0064,2009,2008,64,N,CA,3846630,76,,8,,480829,d. $3M-5M,15,,,N
F0065,2009,2008,65,N,IL,3604479,400,,17,,212028,d. $3M-5M,10,,Y,N
F0066,2009,2008,66,N,NJ,3558868,293,,17,,209345,d. $3M-5M,5,,Y,N
F0067,2009,2008,67,N,CA,3433229,150,,16,,214577,d. $3M-5M,11,,Y,N
F0068,2009,2008,68,N,MI,3400000,250,,19,,178947,d. $3M-5M,32,,Y,N
F0069,2009,2008,69,N,NY,3276116,25,,12,,273010,d. $3M-5M,5,,Y,N
F0070,2009,2008,70,N,IN,3193079,362,,25,,127723,d. $3M-5M,9,,Y,N
F0071,2009,2008,71,N,CA,3189291,5700,,12,,265774,d. $3M-5M,9,,Y,N
F0072,2009,2008,72,N,AZ,3060477,20,,15,,204032,d. $3M-5M,8,,Y,N
F0073,2009,2008,73,N,FL,3042054,46,,13,,234004,d. $3M-5M,9,,Y,N
F0074,2009,2008,74,N,CA,3000000,50,,10,,300000,d. $3M-5M,20,,,N
F0075,2009,2008,75,N,AZ,2975785,7,,14,,212556,c. $2M-3M,7,,,N
F0076,2009,2008,76,N,CA,2948210,2500,,30,,98274,c. $2M-3M,28,,Y,N
F0077,2009,2008,77,N,NY,2900000,310,,27,,107407,c. $2M-3M,72,,,N
F0078,2009,2008,77,N,CA,2900000,1316,,40,,72500,c. $2M-3M,28,,,N
F0079,2009,2008,79,N,FL,2809003,22,,20,,140450,c. $2M-3M,6,,,N
F0080,2009,2008,80,N,CA,2802931,15,,22,,127406,c. $2M-3M,32,,Y,N
F0081,2009,2008,81,N,OR,2740000,85,,20,,137000,c. $2M-3M,11,,,N
F0082,2009,2008,82,N,IN,2737532,80,,15,,182502,c. $2M-3M,20,,Y,N
F0083,2009,2008,83,N,OR,2700000,,,11,,245455,c. $2M-3M,14,,Y,N
F0084,2009,2008,84,N,OH,2666553,122,,13,,205119,c. $2M-3M,19,,Y,N
F0085,2009,2008,85,N,?Okla.,2663000,92,,11,,242091,c. $2M-3M,20,,,N
F0086,2009,2008,86,N,CA,2631000,50,,16,,164438,c. $2M-3M,26,,,N
F0087,2009,2008,87,N,NC,2628849,120,,18,,146047,c. $2M-3M,6,,,N
F0088,2009,2008,88,N,NJ,2600000,35,,10,,260000,c. $2M-3M,21,,Y,N
F0089,2009,2008,89,N,NY,2570000,100,,10,,257000,c. $2M-3M,8,,,N
F0090,2009,2008,90,N,PA,2529745,510,,16,,158109,c. $2M-3M,27,,Y,N
F0091,2009,2008,91,N,FL,2500932,580,,52,,48095,c. $2M-3M,34,,Y,N
F0092,2009,2008,92,N,AZ,2500000,50,,13,,192308,c. $2M-3M,20,,,N
F0093,2009,2008,93,N,MA,2469152,75,,11,,224468,c. $2M-3M,6.5,,Y,N
F0094,2009,2008,94,N,CA,2450411,51,,10,,245041,c. $2M-3M,4,,Y,N
F0095,2009,2008,95,N,LA,2350000,55,,12,,195833,c. $2M-3M,7,,,N
F0096,2009,2008,96,N,MA,2268213,340,,28,,81008,c. $2M-3M,6,,Y,N
F0097,2009,2008,97,N,CA,2242838,20,,13,,172526,c. $2M-3M,8,,Y,N
F0098,2009,2008,98,N,NY,2200593,65,,12,,183383,c. $2M-3M,24,,Y,N
F0099,2009,2008,99,N,MI,2200000,61,,23,,95652,c. $2M-3M,14,,,N
F0100,2009,2008,100,N,VA,2190000,938,,19,,115263,c. $2M-3M,10,,,N
F0001,2010,2009,1,N,PA,39860989,34118,,1058,,37676,g. $25M+,59,,Y,Y
F0004,2010,2009,2,N,CA,28970000,2360,,87,,332989,g. $25M+,29,,Y,N
F0002,2010,2009,3,N,TX,26025741,1352,,96,,271101,g. $25M+,23,,Y,N
F0101,2010,2009,4,N,IL,25000000,8000,,900,,27778,g. $25M+,74,,,N
F0003,2010,2009,5,N,NY,23000000,120,,95,,242105,f. $10M-25M,34,,Y,N
F0005,2010,2009,6,N,NY,16150000,90,,53,,304717,f. $10M-25M,33,,Y,N
F0017,2010,2009,7,N,WA,13111471,244,,60,,218525,f. $10M-25M,35,,Y,N
F0018,2010,2009,8,N,PA,13100000,975,,67,,195522,f. $10M-25M,55,,Y,N
F0009,2010,2009,9,N,CT,12906000,132,,28,,460929,f. $10M-25M,15,,Y,N
F0012,2010,2009,10,N,CA,12250637,30,,54,,226864,f. $10M-25M,17,,Y,N
F0007,2010,2009,11,N,FL,11140000,242,,77,,144675,f. $10M-25M,23,,Y,N
F0010,2010,2009,12,N,NY,10852330,160,,45,,241163,f. $10M-25M,28,,Y,N
F0045,2010,2009,13,N,NY,9750000,100,,9,,1083333,e. $5M-10M,17,,Y,N
F0015,2010,2009,14,N,MA,8637323,170,,52,,166102,e. $5M-10M,37,,Y,N
F0023,2010,2009,15,N,AZ,8238000,150,,37,,222649,e. $5M-10M,15,,Y,N
F0020,2010,2009,16,N,CA,8133262,30,,46,,176810,e. $5M-10M,16,,Y,N
F0019,2010,2009,17,N,CA,7400000,225,,37,,200000,e. $5M-10M,56,,Y,N
F0021,2010,2009,18,N,?Okla.,7200000,450,,50,,144000,e. $5M-10M,26,,Y,N
F0011,2010,2009,19,N,CA,7174000,2200,,50,,143480,e. $5M-10M,26,,Y,N
F0013,2010,2009,20,N,AL,6700000,100,,40,,167500,e. $5M-10M,11,,Y,N
F0031,2010,2009,21,N,UT,6400000,41,,34,,188235,e. $5M-10M,19,,Y,N
F0053,2010,2009,22,N,MN,6370000,96,,18,,353889,e. $5M-10M,19,,Y,N
F0022,2010,2009,23,N,PA,6200000,1206,,53,,116981,e. $5M-10M,32,,Y,N
F0024,2010,2009,24,N,NY,6085769,165,,41,,148433,e. $5M-10M,16,,Y,N
F0025,2010,2009,25,N,NY,5969297,81,,22,,271332,e. $5M-10M,23,,Y,N
F0027,2010,2009,26,N,MO,5700000,533,,36,,158333,e. $5M-10M,27,,Y,N
F0046,2010,2009,27,N,TX,5553787,94,,33,,168297,e. $5M-10M,26,,Y,N
F0051,2010,2009,28,N,CA,4923482,150,,28,,175839,d. $3M-5M,19,,Y,N
F0040,2010,2009,29,N,MD,4900000,1320,,25,,196000,d. $3M-5M,16,,Y,N
F0035,2010,2009,29,N,?Canada,4900000,1480,,21,,233333,d. $3M-5M,16,,Y,N
F0102,2010,2009,31,N,CA,4811334,125,,24,,200472,d. $3M-5M,20,,Y,N
F0037,2010,2009,32,N,?N.H.,4700000,72,,23,,204348,d. $3M-5M,6,,Y,N
F0032,2010,2009,33,N,NY,4654569,75,,20,,232728,d. $3M-5M,22,,Y,N
F0034,2010,2009,34,N,CA,4595821,45,,15,,306388,d. $3M-5M,15,,Y,N
F0048,2010,2009,35,N,GA,4500000,3000,,45,,100000,d. $3M-5M,11,,Y,N
F0041,2010,2009,36,N,IN,4430555,60,,25,,177222,d. $3M-5M,13,,Y,N
F0103,2010,2009,37,N,?Canada,4220143,140,,45,,93781,d. $3M-5M,52,,Y,N
F0042,2010,2009,38,N,TX,4200000,375,,32,,131250,d. $3M-5M,24,,Y,N
F0056,2010,2009,39,N,TN,4000000,45,,17,,235294,d. $3M-5M,16,,Y,N
F0104,2010,2009,39,N,CA,4000000,181,,16,,250000,d. $3M-5M,60,,,N
F0065,2010,2009,41,N,IL,3927349,229,,14,,280525,d. $3M-5M,11,,Y,N
F0049,2010,2009,42,N,TX,3910000,300,,20,,195500,d. $3M-5M,30,,Y,N
F0036,2010,2009,43,N,AZ,3900000,2100,,35,,111429,d. $3M-5M,15,,Y,N
F0030,2010,2009,44,N,NV,3800000,500,,38,,100000,d. $3M-5M,24,,Y,N
F0084,2010,2009,45,N,OH,3791761,160,,24,,157990,d. $3M-5M,20,,Y,N
F0062,2010,2009,46,N,NJ,3497704,40,,12,,291475,d. $3M-5M,25,,Y,N
F0029,2010,2009,47,N,AZ,3400000,576,,30,,113333,d. $3M-5M,9,,Y,N
F0054,2010,2009,48,N,AR,3386464,180,,10,,338646,d. $3M-5M,7,,Y,N
F0039,2010,2009,49,N,MN,3342519,182,,32,,104454,d. $3M-5M,20,,Y,N
F0091,2010,2009,50,N,FL,3306247,1104,,54,,61227,d. $3M-5M,35,,Y,N
F0069,2010,2009,51,N,NY,3126721,23,,16,,195420,d. $3M-5M,6,,Y,N
F0047,2010,2009,52,N,NC,3097271,350,,17,,182192,d. $3M-5M,11,,Y,N
F0105,2010,2009,53,N,NY,3000000,12,,100,,30000,d. $3M-5M,15,,Y,N
F0106,2010,2009,53,N,?Okla.,3000000,125,,15,,200000,d. $3M-5M,18,,,N
F0085,2010,2009,55,N,?Okla.,2987000,101,,14,,213357,c. $2M-3M,21,,Y,N
F0075,2010,2009,56,N,AZ,2952000,6,,14,,210857,c. $2M-3M,8,,Y,N
F0068,2010,2009,57,N,MI,2900000,130,,18,,161111,c. $2M-3M,33,,Y,N
F0064,2010,2009,58,N,CA,2894713,86,,6,,482452,c. $2M-3M,16,,Y,N
F0077,2010,2009,59,N,NY,2888250,290,,24,,120344,c. $2M-3M,73,,Y,N
F0107,2010,2009,60,N,FL,2875625,225,,22,,130710,c. $2M-3M,27,,Y,N
F0061,2010,2009,61,N,OR,2856000,325,,23,,124174,c. $2M-3M,26,,Y,N
F0006,2010,2009,62,N,CA,2801926,,,65,,43107,c. $2M-3M,11,,Y,N
F0108,2010,2009,63,N,TX,2800100,92,,22,,127277,c. $2M-3M,10,,Y,N
F0067,2010,2009,64,N,CA,2717879,120,,13,,209068,c. $2M-3M,11,,Y,N
F0073,2010,2009,65,N,FL,2679566,52,,13,,206120,c. $2M-3M,10,,Y,N
F0088,2010,2009,66,N,NJ,2620000,40,,11,,238182,c. $2M-3M,23,,Y,N
F0109,2010,2009,67,N,TX,2570000,1600,,35,,73429,c. $2M-3M,22,,Y,N
F0070,2010,2009,68,N,IN,2550461,389,,23,,110890,c. $2M-3M,10,,Y,N
F0110,2010,2009,69,N,FL,2500000,65,,8,,312500,c. $2M-3M,8,,,N
F0111,2010,2009,70,N,CA,2443042,250,,14,,174503,c. $2M-3M,30,,Y,N
F0090,2010,2009,71,N,PA,2334232,32,,16,,145890,c. $2M-3M,28,,Y,N
F0112,2010,2009,72,N,IL,2300000,76,,20,,115000,c. $2M-3M,17,,Y,N
F0094,2010,2009,73,N,CA,2272774,47,,9.5,,239239,c. $2M-3M,5,,Y,N
F0113,2010,2009,74,N,NV,2200000,40,,18,,122222,c. $2M-3M,13,,,N
F0114,2010,2009,74,N,NV,2200000,40,,15,,146667,c. $2M-3M,7.5,,Y,N
F0072,2010,2009,76,N,AZ,2118711,25,,13,,162978,c. $2M-3M,9,,Y,N
F0115,2010,2009,77,N,WA,2073398,187,,17,,121965,c. $2M-3M,4,,Y,N
F0079,2010,2009,78,N,FL,2057954,89,,12,,171496,c. $2M-3M,8,,Y,N
F0086,2010,2009,79,N,CA,2000000,30,,12,,166667,c. $2M-3M,27,,Y,N
F0116,2010,2009,79,N,CA,2000000,35,,6,,333333,c. $2M-3M,39,,,N
F0060,2010,2009,81,N,MI,1983025,12,,14,,141645,b. $1M-2M,13,,Y,N
F0117,2010,2009,82,N,CO,1900000,120,,12,,158333,b. $1M-2M,46,,Y,N
F0118,2010,2009,83,N,AZ,1852262,120,,10,,185226,b. $1M-2M,16,,Y,N
F0119,2010,2009,84,N,AZ,1827266,43,,10,,182727,b. $1M-2M,20,,Y,N
F0120,2010,2009,85,N,TN,1800000,50,,10,,180000,b. $1M-2M,7,,,N
F0100,2010,2009,86,N,VA,1764765,1623,,13,,135751,b. $1M-2M,10,,Y,N
F0121,2010,2009,87,N,CA,1730798,7,,8,,216350,b. $1M-2M,15,,Y,N
F0122,2010,2009,88,N,CA,1725000,130,,6,,287500,b. $1M-2M,19,,Y,N
F0096,2010,2009,89,N,MA,1655000,187,,11,,150455,b. $1M-2M,7,,Y,N
F0098,2010,2009,90,N,NY,1600416,30,,12,,133368,b. $1M-2M,25,,Y,N
F0078,2010,2009,91,N,CA,1578000,834,,22,,71727,b. $1M-2M,29,,Y,N
F0123,2010,2009,92,N,LA,1568286,30,,6,,261381,b. $1M-2M,7,,Y,N
F0124,2010,2009,93,N,TN,1562408,127,,12,,130201,b. $1M-2M,5,,Y,N
F0125,2010,2009,94,N,CA,1540000,970,,15,,102667,b. $1M-2M,3,,Y,N
F0126,2010,2009,95,N,CA,1500000,80,,5,,300000,b. $1M-2M,6,,,N
F0127,2010,2009,96,N,MA,1462000,30,,8,,182750,b. $1M-2M,5,,Y,N
F0128,2010,2009,97,N,TX,1450000,140,,9,,161111,b. $1M-2M,30,,Y,N
F0129,2010,2009,98,N,CA,1400000,30,,8,,175000,b. $1M-2M,12,,,N
F0130,2010,2009,99,N,CA,1398000,90,,8,,174750,b. $1M-2M,20,,Y,N
F0074,2010,2009,100,N,CA,1311136,2,,15,,87409,b. $1M-2M,20,,Y,N
F0131,2011,2010,1,N,FL,50000000,,,15000,,3333,g. $25M+,136,,Y,Y
F0001,2011,2010,2,N,PA,38514045,29486,,422,,91266,g. $25M+,60,,Y,Y
F0004,2011,2010,3,N,CA,32965826,2123,,76,,433761,g. $25M+,30,,Y,N
F0101,2011,2010,4,N,IL,30000000,8200,,130,,230769,g. $25M+,75,,,N
F0002,2011,2010,5,N,TX,26882915,1375,,90,,298699,g. $25M+,24,,Y,N
F0003,2011,2010,6,N,NY,20500000,150,,90,,227778,f. $10M-25M,35,,Y,N
F0005,2011,2010,7,N,NY,16955500,100,,55,,308282,f. $10M-25M,34,,Y,N
F0028,2011,2010,8,N,TX,14359000,900,,75,,191453,f. $10M-25M,36,,Y,N
F0010,2011,2010,9,N,NY,12965111,210,,50,,259302,f. $10M-25M,29,,Y,N
F0018,2011,2010,10,N,PA,12800000,940,,71,,180282,f. $10M-25M,56,,Y,N
F0012,2011,2010,11,N,CA,11781947,32,,53,,222301,f. $10M-25M,18,,Y,N
F0017,2011,2010,12,N,WA,11291000,292,,56,,201625,f. $10M-25M,36,,Y,N
F0009,2011,2010,13,N,CT,10492830,112,,26,,403570,f. $10M-25M,16,,Y,N
F0007,2011,2010,14,N,FL,9983000,92,,62,,161016,e. $5M-10M,25,,Y,N
F0023,2011,2010,15,N,AZ,9841015,150,,56,,175732,e. $5M-10M,16,,Y,N
F0016,2011,2010,16,N,MD,9000000,350,,40,,225000,e. $5M-10M,34,,,N
F0132,2011,2010,17,N,NV,8143080,70,,72,,113098,e. $5M-10M,10,,Y,N
F0133,2011,2010,18,N,CA,8000000,4552,,60,,133333,e. $5M-10M,32,,Y,N
F0022,2011,2010,19,N,PA,7754043,871,,65,,119293,e. $5M-10M,32,,Y,N
F0020,2011,2010,20,N,CA,7714438,60,,45,,171432,e. $5M-10M,17,,Y,N
F0015,2011,2010,21,N,MA,7471000,242,,30,,249033,e. $5M-10M,37,,Y,N
F0134,2011,2010,22,N,IL,7191299,175,,23,,312665,e. $5M-10M,45,,Y,N
F0031,2011,2010,23,N,UT,6900000,100,,30,,230000,e. $5M-10M,10,,Y,N
F0025,2011,2010,24,N,NY,6196900,84,,22,,281677,e. $5M-10M,24,,Y,N
F0037,2011,2010,25,N,?N.H.,5750000,116,,27,,212963,e. $5M-10M,9,,Y,N
F0041,2011,2010,26,N,IN,5538445,90,,27,,205128,e. $5M-10M,14,,Y,N
F0045,2011,2010,26,N,NY,5500000,150,,10,,550000,e. $5M-10M,18,,Y,N
F0135,2011,2010,27,N,?Utah.,5445217,16000,,5000,,1089,e. $5M-10M,13,,Y,Y
F0136,2011,2010,28,N,MO,5350000,650,,47,,113830,e. $5M-10M,31,,,N
F0137,2011,2010,29,N,TX,5100000,109,,27,,188889,e. $5M-10M,17,,,N
F0027,2011,2010,30,N,MO,5040000,400,,30,,168000,e. $5M-10M,27,,Y,N
F0050,2011,2010,31,N,FL,5000000,100,,75,,66667,e. $5M-10M,11,,Y,N
F0019,2011,2010,32,N,CA,4800000,220,,31,,154839,d. $3M-5M,58,,Y,N
F0059,2011,2010,33,N,IL,4750000,1000,,30,,158333,d. $3M-5M,16,,Y,N
F0065,2011,2010,35,N,IL,4423800,1066,,19,,232832,d. $3M-5M,12,,Y,N
F0040,2011,2010,36,N,MD,4400000,720,,25,,176000,d. $3M-5M,17,,Y,N
F0035,2011,2010,36,N,?Canada,4400000,4800,,15,,293333,d. $3M-5M,19,,Y,N
F0046,2011,2010,38,N,TX,4220049,78,,26,,162310,d. $3M-5M,27,,Y,N
F0049,2011,2010,39,N,TX,4100000,292,,20,,205000,d. $3M-5M,30,,Y,N
F0030,2011,2010,40,N,NV,4050000,390,,30,,135000,d. $3M-5M,25,,Y,N
F0084,2011,2010,41,N,OH,3963892,150,,24,,165162,d. $3M-5M,21,,Y,N
F0056,2011,2010,42,N,TN,3800000,42,,19,,200000,d. $3M-5M,17,,Y,N
F0044,2011,2010,43,N,VA,3750000,100,,20,,187500,d. $3M-5M,33,,Y,N
F0054,2011,2010,44,N,AR,3652102,260,,12,,304342,d. $3M-5M,8,,Y,N
F0013,2011,2010,45,N,AL,3640000,52,,26,,140000,d. $3M-5M,12,,Y,N
F0024,2011,2010,46,N,NY,3610169,130,,35,,103148,d. $3M-5M,17,,Y,N
F0102,2011,2010,47,N,CA,3600000,125,,23,,156522,d. $3M-5M,21,,Y,N
F0034,2011,2010,48,N,CA,3525469,55,,16,,220342,d. $3M-5M,16,,Y,N
F0029,2011,2010,49,N,AZ,3523000,453,,23,,153174,d. $3M-5M,10,,Y,N
F0048,2011,2010,50,N,GA,3500000,1800,,50,,70000,d. $3M-5M,12,,,N
F0032,2011,2010,51,N,NY,3363961,90,,18,,186887,d. $3M-5M,22,,Y,N
F0063,2011,2010,52,N,TX,3300100,18,,9,,366678,d. $3M-5M,25,,Y,N
F0073,2011,2010,53,N,FL,3124568,45,,13,,240351,d. $3M-5M,11,,Y,N
F0039,2011,2010,54,N,MN,3018000,65,,25,,120720,d. $3M-5M,22,,Y,N
F0067,2011,2010,55,N,CA,3003066,60,,13,,231005,d. $3M-5M,13,,Y,N
F0138,2011,2010,56,N,CA,3000000,200,,11,,272727,d. $3M-5M,14,,,N
F0139,2011,2010,56,N,OH,3000000,180,,18,,166667,d. $3M-5M,57,,,N
F0070,2011,2010,58,N,IN,2905926,135,,22,,132088,c. $2M-3M,12,,Y,N
F0055,2011,2010,59,N,MI,2800000,40,,20,,140000,c. $2M-3M,18,,,N
F0140,2011,2010,60,N,CT,2750000,107,,11,,250000,c. $2M-3M,12,,Y,N
F0077,2011,2010,61,N,NY,2744590,220,,25,,109784,c. $2M-3M,74,,Y,N
F0085,2011,2010,62,N,?Okla.,2700000,100,,15,,180000,c. $2M-3M,22,,Y,N
F0036,2011,2010,63,N,AZ,2686613,975,,25,,107465,c. $2M-3M,16,,Y,N
F0064,2011,2010,64,N,CA,2676817,68,,5,,535363,c. $2M-3M,19,,Y,N
F0141,2011,2010,65,N,FL,2650000,1200,,18,,147222,c. $2M-3M,18,,Y,N
F0142,2011,2010,66,N,TX,2602088,100,,12,,216841,c. $2M-3M,7,,Y,N
F0051,2011,2010,67,N,CA,2600000,45,,20,,130000,c. $2M-3M,20,,Y,N
F0143,2011,2010,67,N,CA,2600000,5000,,650,,4000,c. $2M-3M,15,,Y,N
F0114,2011,2010,67,N,NV,2600000,45,,13,,200000,c. $2M-3M,,,Y,N
F0111,2011,2010,70,N,CA,2521195,225,,14,,180085,c. $2M-3M,31,,Y,N
F0144,2011,2010,71,N,CT,2500000,50,,10,,250000,c. $2M-3M,12,,Y,N
F0110,2011,2010,72,N,FL,2363225,148,,8,,295403,c. $2M-3M,9,,Y,N
F0072,2011,2010,73,N,AZ,2347436,25,,12,,195620,c. $2M-3M,10,,Y,N
F0042,2011,2010,74,N,TX,2300000,300,,25,,92000,c. $2M-3M,25,,Y,N
F0079,2011,2010,75,N,FL,2271316,29,,12,,189276,c. $2M-3M,7,,Y,N
F0145,2011,2010,76,N,FL,2254400,490,,18,,125244,c. $2M-3M,7,,Y,N
F0115,2011,2010,77,N,WA,2216698,200,,15,,147780,c. $2M-3M,,,Y,N
F0112,2011,2010,78,N,IL,2200000,36,,20,,110000,c. $2M-3M,18,,Y,N
F0088,2011,2010,78,N,NJ,2200000,20,,9,,244444,c. $2M-3M,24,,Y,N
F0127,2011,2010,79,N,MA,2125000,46,,8,,265625,c. $2M-3M,6,,Y,N
F0091,2011,2010,80,N,FL,2033860,903,,47,,43274,c. $2M-3M,36,,Y,N
F0146,2011,2010,81,N,OH,2020206,231,,16,,126263,c. $2M-3M,12,,Y,N
F0094,2011,2010,82,N,CA,1958400,68,,6,,326400,b. $1M-2M,6,,Y,N
F0098,2011,2010,83,N,NY,1937315,43,,12,,161443,b. $1M-2M,25,,Y,N
F0082,2011,2010,84,N,IN,1934365,182,,13,,148797,b. $1M-2M,21,,Y,N
F0147,2011,2010,85,N,TX,1900000,50,,12,,158333,b. $1M-2M,6,,,N
F0061,2011,2010,86,N,OR,1884000,260,,20,,94200,b. $1M-2M,27,,Y,N
F0123,2011,2010,87,N,LA,1874293,20,,5,,374859,b. $1M-2M,9,,Y,N
F0148,2011,2010,88,N,GA,1800000,80,,15,,120000,b. $1M-2M,16,,Y,N
F0149,2011,2010,89,N,FL,1760500,1850,,12,,146708,b. $1M-2M,17,,Y,N
F0075,2011,2010,90,N,AZ,1700000,5,,12,,141667,b. $1M-2M,9,,,N
F0060,2011,2010,91,N,MI,1672519,22,,13,,128655,b. $1M-2M,14,,Y,N
F0078,2011,2010,92,N,CA,1665520,1217,,22,,75705,b. $1M-2M,30,,Y,N
F0150,2011,2010,93,N,AZ,1661098,240,,12,,138425,b. $1M-2M,13,,Y,N
F0083,2011,2010,94,N,OR,1650000,40,,9,,183333,b. $1M-2M,16,,,N
F0071,2011,2010,95,N,CA,1647200,2005,,10,,164720,b. $1M-2M,63,,Y,N
F0151,2011,2010,96,N,FL,1640000,364,,9,,182222,b. $1M-2M,10,,Y,N
F0125,2011,2010,97,N,CA,1638695,1500,,15,,109246,b. $1M-2M,4,,Y,N
F0152,2011,2010,98,N,CO,1623000,38,,6,,270500,b. $1M-2M,8,,Y,N
F0093,2011,2010,99,N,MA,1611365,58,,10,,161136,b. $1M-2M,9,,Y,N
F0117,2011,2010,100,N,CO,1551611,95,,11,,141056,b. $1M-2M,47,,Y,N
F0153,2012,2011,1,N,MN,680000000,,,180000,,3778,g. $25M+,47,N/A,,Y
F0131,2012,2011,2,N,FL,162500000,,,27000,,6019,g. $25M+,138,N/A,,Y
F0135,2012,2011,3,N,UT,51140000,85000,,5000,,10228,g. $25M+,14,up,Y,Y
F0101,2012,2011,4,N,IL,31000000,8300,,128,,242188,g. $25M+,76,up 15%,Y,N
F0001,2012,2011,5,N,PA,26397806,26210,,395,,66830,g. $25M+,61,up 2.9%,Y,Y
F0004,2012,2011,6,N,CA,26370926,2547,,74,,356364,g. $25M+,31,up 20%,Y,N
F0002,2012,2011,7,N,TX,23665048,1425,,80,,295813,f. $10M-25M,25,flat,Y,N
F0003,2012,2011,8,N,NY,21500000,125,,85,,252941,f. $10M-25M,36,up 10+%,Y,N
F0005,2012,2011,9,N,NY,16989450,100,,57,,298061,f. $10M-25M,35,up 5%,Y,N
F0154,2012,2011,10,N,CA,14000000,20,,13,,1076923,f. $10M-25M,16,up 15%,Y,N
F0018,2012,2011,11,N,PA,13500000,850,,68,,198529,f. $10M-25M,57,up 10%,Y,N
F0012,2012,2011,12,N,CA,13181728,36,,56,,235388,f. $10M-25M,19,up 8%,Y,N
F0010,2012,2011,13,N,NY,12980046,120,,48,,270418,f. $10M-25M,30,up 3%,Y,N
F0023,2012,2011,14,N,AZ,10886741,130,,62,,175593,f. $10M-25M,17,up 10%,Y,N
F0020,2012,2011,15,N,CA,10350255,55,,53,,195288,f. $10M-25M,18,up 20%,Y,N
F0009,2012,2011,16,N,CT,9451000,110,,26,,363500,e. $5M-10M,17,up 5%,Y,N
F0022,2012,2011,17,N,PA,9100000,1262,,68,,133824,e. $5M-10M,34,up 12%,Y,N
F0045,2012,2011,18,N,NY,9000000,200,,10,,900000,e. $5M-10M,18,up 10%,Y,N
F0007,2012,2011,19,N,FL,8848307,291,,60,,147472,e. $5M-10M,25,up 20%,Y,N
F0037,2012,2011,20,N,?N.H.,7600000,120,,27,,281481,e. $5M-10M,9,up 10%,Y,N
F0155,2012,2011,21,N,TX,6785182,140,,45,,150782,e. $5M-10M,6,up 40%,Y,N
F0025,2012,2011,22,N,NY,6676191,87,,22,,303463,e. $5M-10M,25,up 10%,Y,N
F0138,2012,2011,23,N,CA,6400000,100,,16,,400000,e. $5M-10M,15,up,Y,N
F0133,2012,2011,24,N,CA,6000055,3248,,50,,120001,e. $5M-10M,34,flat,Y,N
F0156,2012,2011,25,N,NY,5667013,28,,27,,209889,e. $5M-10M,11,up 30%,Y,N
F0157,2012,2011,26,N,FL,5632400,50,,24,,234683,e. $5M-10M,25,up 5%,Y,N
F0034,2012,2011,27,N,CA,5623864,45,,18,,312437,e. $5M-10M,17,up 20%-30%,Y,N
F0027,2012,2011,28,N,MO,5600000,500,,34,,164706,e. $5M-10M,29,up 15%,Y,N
F0035,2012,2011,29,N,?Canada,5456000,462,,21,,259810,e. $5M-10M,26,up,Y,N
F0065,2012,2011,30,N,IL,5385456,219,,13,,414266,e. $5M-10M,13,up 25%,Y,N
F0041,2012,2011,31,N,IN,5356363,82,,28,,191299,e. $5M-10M,15,flat,Y,N
F0013,2012,2011,32,N,AL,5340000,100,,26,,205385,e. $5M-10M,13,up 5%,Y,N
F0040,2012,2011,33,N,MD,5322000,750,,25,,212880,e. $5M-10M,19,up 25%,Y,N
F0077,2012,2011,34,N,?N.Y,5164725,250,,22,,234760,e. $5M-10M,75,down 10%,Y,N
F0050,2012,2011,35,N,FL,5000000,150,,75,,66667,e. $5M-10M,12,up 5%,Y,N
F0091,2012,2011,36,N,FL,4908509,953,,60,,81808,d. $3M-5M,37,up 10%,Y,N
F0158,2012,2011,37,N,CO,4900000,22,,22,,222727,d. $3M-5M,10,up 15%,Y,N
F0054,2012,2011,38,N,AR,4883537,370,,12,,406961,d. $3M-5M,9,up 20%,Y,N
F0159,2012,2011,39,N,CA,4700000,250,,12,,391667,d. $3M-5M,30,up 50%,Y,N
F0024,2012,2011,40,N,NY,4543581,145,,40,,113590,d. $3M-5M,19,up 5%,Y,N
F0051,2012,2011,41,N,CA,4284424,25,,22,,194747,d. $3M-5M,20,up 10%,Y,N
F0102,2012,2011,42,N,CA,4229854,48,,21,,201422,d. $3M-5M,22,up 25%,Y,N
F0049,2012,2011,43,N,TX,4200000,300,,22,,190909,d. $3M-5M,30,up 5%,Y,N
F0030,2012,2011,44,N,NV,4157000,375,,28,,148464,d. $3M-5M,26,up 5%,Y,N
F0029,2012,2011,45,N,AZ,4100000,300,,25,,164000,d. $3M-5M,11,up 10%,Y,N
F0032,2012,2011,46,N,NY,4075086,120,,21,,194052,d. $3M-5M,23,up 17.4%,Y,N
F0028,2012,2011,47,N,TX,4010000,900,,70,,57286,d. $3M-5M,37,flat,Y,N
F0139,2012,2011,48,N,OH,4000000,200,,18,,222222,d. $3M-5M,58,up 15%,Y,N
F0145,2012,2011,48,N,FL,4000000,1100,,30,,133333,d. $3M-5M,10,up 70%,Y,N
F0056,2012,2011,50,N,TN,3900000,40,,20,,195000,d. $3M-5M,18,up 15%,Y,N
F0160,2012,2011,51,N,VA,3700000,450,,20,,185000,d. $3M-5M,30,up 20%,Y,N
F0021,2012,2011,51,N,?Okla.,3700000,250,,21,,176190,d. $3M-5M,28,up 25%,Y,N
F0006,2012,2011,53,N,CA,3624140,2400,,75,,48322,d. $3M-5M,13,up 30%,Y,N
F0143,2012,2011,54,N,CA,3620000,1600,,22,,164545,d. $3M-5M,16,flat,Y,N
F0063,2012,2011,55,N,TX,3615000,15,,10,,361500,d. $3M-5M,26,up 5%,Y,N
F0044,2012,2011,56,N,VA,3550000,44,,18,,197222,d. $3M-5M,33,up 10%,Y,N
F0039,2012,2011,57,N,MN,3538000,68,,20,,176900,d. $3M-5M,23,up 21%,Y,N
F0161,2012,2011,58,N,MI,3500000,20,,50,,70000,d. $3M-5M,35,up 5%,Y,N
F0104,2012,2011,59,N,CA,3500000,250,,17,,205882,d. $3M-5M,62,up 5%,Y,N
F0067,2012,2011,60,N,CA,3468358,98,,14,,247740,d. $3M-5M,13,up 5%,Y,N
F0112,2012,2011,61,N,IL,3423102,32,,18,,190172,d. $3M-5M,19,up 10%,Y,N
F0162,2012,2011,62,N,MO,3300000,235,,19,,173684,d. $3M-5M,4,up 10%,Y,N
F0152,2012,2011,63,N,CO,3223000,28,,11,,293000,d. $3M-5M,8,up 30%-40%,Y,N
F0064,2012,2011,64,N,CA,3217423,93,,5,,643485,d. $3M-5M,18,N/A,Y,N
F0070,2012,2011,65,N,IN,3137004,150,,20,,156850,d. $3M-5M,13,up 10%,Y,N
F0046,2012,2011,66,N,TX,3111552,62,,19,,163766,d. $3M-5M,28,up 20%,Y,N
F0163,2012,2011,67,N,SC,3100000,50,,20,,155000,d. $3M-5M,10,up 25%,Y,N
F0164,2012,2011,68,N,NJ,3100000,600,,15,,206667,d. $3M-5M,33,up 10%,Y,N
F0085,2012,2011,69,N,?Okla.,3034000,145,,15,,202267,d. $3M-5M,23,down 10%,Y,N
F0082,2012,2011,70,N,IN,3030827,340,,19,,159517,d. $3M-5M,22,up 15%,Y,N
F0165,2012,2011,71,N,LA,3000000,550,,16,,187500,d. $3M-5M,38,up 5%,Y,N
F0055,2012,2011,72,N,MI,2996205,80,,23,,130270,c. $2M-3M,18,up 20%,Y,N
F0062,2012,2011,73,N,NJ,2900000,130,,13,,223077,c. $2M-3M,27,up 15%-20%,Y,N
F0141,2012,2011,74,N,FL,2850000,900,,20,,142500,c. $2M-3M,19,up 10%,Y,N
F0084,2012,2011,75,N,OH,2834743,90,,22,,128852,c. $2M-3M,21,up 100%,Y,N
F0073,2012,2011,76,N,FL,2741920,90,,16,,171370,c. $2M-3M,12,up 10%,Y,N
F0114,2012,2011,77,N,NV,2700000,12,,14,,192857,c. $2M-3M,11,up 15%,Y,N
F0149,2012,2011,78,N,FL,2525900,490,,15,,168393,c. $2M-3M,17,up 10%,Y,N
F0111,2012,2011,79,N,CA,2503547,200,,14,,178825,c. $2M-3M,32,flat,Y,N
F0088,2012,2011,80,N,NJ,2500000,25,,10,,250000,c. $2M-3M,25,up 15%,Y,N
F0118,2012,2011,80,N,AZ,2500000,115,,12,,208333,c. $2M-3M,17,up 20%,Y,N
F0142,2012,2011,80,N,TX,2500000,45,,12,,208333,c. $2M-3M,8,N/A,Y,N
F0094,2012,2011,83,N,CA,2418382,65,,7,,345483,c. $2M-3M,7,up 15%,Y,N
F0100,2012,2011,84,N,VA,2365490,1986,,17,,139146,c. $2M-3M,12,up 12%,Y,N
F0061,2012,2011,85,N,OR,2337000,335,,20,,116850,c. $2M-3M,28,up 10%,Y,N
F0166,2012,2011,86,N,MA,2266585,68,,10,,226658,c. $2M-3M,16,up 10%,Y,N
F0072,2012,2011,87,N,AZ,2264380,30,,12,,188698,c. $2M-3M,11,up 5%,Y,N
F0110,2012,2011,88,N,FL,2243288,225,,13,,172561,c. $2M-3M,10,up 25%,Y,N
F0167,2012,2011,89,N,OR,2200000,140,,11,,200000,c. $2M-3M,31,up 20%,Y,N
F0068,2012,2011,89,N,MI,2200000,60,,15,,146667,c. $2M-3M,35,flat,Y,N
F0168,2012,2011,91,N,TX,2173897,30,,10,,217390,c. $2M-3M,13,up 10%-15%,Y,N
F0123,2012,2011,92,N,LA,2149238,23,,6,,358206,c. $2M-3M,10,up 15%,Y,N
F0060,2012,2011,93,N,MI,2144144,36,,12,,178679,c. $2M-3M,15,up 10%,Y,N
F0127,2012,2011,94,N,MA,2139697,24,,7,,305671,c. $2M-3M,8,flat,Y,N
F0169,2012,2011,95,N,CT,2136850,148,,19,,112466,c. $2M-3M,15,up 18%,Y,N
F0093,2012,2011,96,N,MA,2106780,50,,13,,162060,c. $2M-3M,10,up 10%,Y,N
F0170,2012,2011,97,N,IL,2100000,40,,4,,525000,c. $2M-3M,29,up 10%,Y,N
F0078,2012,2011,98,N,CA,2041322,910,,20,,102066,c. $2M-3M,31,flat,Y,N
F0059,2012,2011,99,N,IL,2000000,1000,,22,,90909,c. $2M-3M,17,flat,Y,N
F0075,2012,2011,99,N,AZ,2000000,7,,10,,200000,c. $2M-3M,10,up 10%,Y,N
F0153,2013,2012,1,N,CA,731000000,128450,,155500,,4701,g. $25M+,48,Up 15%,Y,Y
F0135,2013,2012,2,N,UT,130500581,180347,,5800,,22500,g. $25M+,14,Up 20%,Y,Y
F0131,2013,2012,3,N,FL,124800000,78000,,16300,,7656,g. $25M+,139,Up 5%,Y,Y
F0101,2013,2012,4,N,IL,32580000,8700,,130,,250615,g. $25M+,77,Up 10%,Y,N
F0001,2013,2012,5,N,PA,28965174,26916,,337,,85950,g. $25M+,62,Up 3.5%,Y,Y
F0004,2013,2012,6,N,CA,24865350,2148,,69,,360367,f. $10M-25M,32,Up 20%,Y,N
F0003,2013,2012,7,N,NY,22000000,250,,90,,244444,f. $10M-25M,37,Up 10%,Y,N
F0002,2013,2012,8,N,TX,20895162,1400,,72,,290211,f. $10M-25M,26,Flat,Y,N
F0005,2013,2012,9,N,NY,17329239,100,,38,,456033,f. $10M-25M,36,Up 2%,Y,N
F0012,2013,2012,10,N,CA,17207293,65,,80,,215091,f. $10M-25M,20,Up 10%,Y,N
F0171,2013,2012,11,N,PA,15000000,50,,40,,375000,f. $10M-25M,13,Up 5%,Y,N
F0010,2013,2012,12,N,NY,13469940,182,,47,,286594,f. $10M-25M,31,Up 5%,Y,N
F0023,2013,2012,13,N,AZ,13363935,150,,65,,205599,f. $10M-25M,17,Up 10%,Y,N
F0018,2013,2012,14,N,PA,12000000,800,,58,,206897,f. $10M-25M,58,Up 5%,Y,N
F0172,2013,2012,15,N,PA,11800000,7923,,1500,,7867,f. $10M-25M,42,Up 8%,Y,N
F0020,2013,2012,16,N,CA,10780000,50,,53,,203396,f. $10M-25M,19,Up 10%,Y,N
F0007,2013,2012,17,N,FL,10607662,402,,71,,149404,f. $10M-25M,26,Up 15%,Y,N
F0045,2013,2012,18,N,NY,9000000,100,,10,,900000,e. $5M-10M,20,Up 15%,Y,N
F0037,2013,2012,19,N,?N.H.,8500000,120,,36,,236111,e. $5M-10M,10,Up 5%,Y,N
F0050,2013,2012,19,N,FL,8000000,150,,80,,100000,e. $5M-10M,1,Up 5%,Y,N
F0006,2013,2012,20,N,CA,7700000,5200,,110,,70000,e. $5M-10M,14,Up 15%,Y,N
F0009,2013,2012,21,N,CT,7450000,105,,31,,240323,e. $5M-10M,17,Up 5%,Y,N
F0025,2013,2012,22,N,NY,7000000,89,,22,,318182,e. $5M-10M,26,Up 5%,Y,N
F0155,2013,2012,23,N,TX,6954347,150,,40,,173859,e. $5M-10M,7,Up 25%,Y,N
F0157,2013,2012,24,N,FL,6760000,50,,22,,307273,e. $5M-10M,16,Up 10%,Y,N
F0138,2013,2012,25,N,CA,6460000,150,,17,,380000,e. $5M-10M,16,Up 20%,Y,N
F0065,2013,2012,26,N,IL,5967456,266,,22,,271248,e. $5M-10M,14,Up 20%,Y,N
F0133,2013,2012,27,N,CA,5772875,3410,,52,,111017,e. $5M-10M,35,Flat,Y,N
F0032,2013,2012,28,N,NY,5750000,81,,22,,261364,e. $5M-10M,25,Up 5%,Y,N
F0022,2013,2012,29,N,PA,5600000,2013,,72,,77778,e. $5M-10M,35,Up 12%,Y,N
F0029,2013,2012,30,N,AZ,5581140,1823,,32,,174411,e. $5M-10M,12,Up 17%,Y,N
F0054,2013,2012,31,N,AR,5496287,730,,11,,499662,e. $5M-10M,10,Up 5%,Y,N
F0027,2013,2012,32,N,MO,5300000,500,,35,,151429,e. $5M-10M,30,Up 15%,Y,N
F0034,2013,2012,33,N,CA,5204014,39,,19,,273895,e. $5M-10M,18,Up 20%,Y,N
F0051,2013,2012,34,N,CA,5109602,30,,25,,204384,e. $5M-10M,21,Up 10%,Y,N
F0173,2013,2012,35,N,MD,5000000,75,,30,,166667,e. $5M-10M,9,Up 15%,Y,N
F0174,2013,2012,36,N,NE,5000000,3274,,36,,138889,e. $5M-10M,75,Up 10%,Y,N
F0015,2013,2012,37,N,MA,4993750,166,,30,,166458,d. $3M-5M,40,Up 20%,Y,N
F0141,2013,2012,38,N,FL,4900000,2000,,49,,100000,d. $3M-5M,19,Up 20%,Y,N
F0073,2013,2012,39,N,FL,4813143,85,,16,,300821,d. $3M-5M,13,Up 20%,Y,N
F0049,2013,2012,40,N,TX,4790000,600,,25,,191600,d. $3M-5M,30,Up 18%,Y,N
F0041,2013,2012,41,N,IN,4524000,88,,28,,161571,d. $3M-5M,16,Up 10%,Y,N
F0145,2013,2012,42,N,FL,4250000,2200,,51,,83333,d. $3M-5M,10,Up 35%,Y,N
F0175,2013,2012,43,N,CT,4000000,100,,15,,266667,d. $3M-5M,60,Up 5%,Y,N
F0102,2013,2012,44,N,CA,4000000,45,,21,,190476,d. $3M-5M,22,Up 10%,Y,N
F0176,2013,2012,44,N,VA,4000000,2000,,35,,114286,d. $3M-5M,11,Up 12.5%,Y,N
F0028,2013,2012,44,N,TX,4000000,900,,65,,61538,d. $3M-5M,37,Flat,Y,N
F0056,2013,2012,47,N,TN,3990000,55,,20,,199500,d. $3M-5M,19,Up 10%,Y,N
F0013,2013,2012,47,N,AL,3900000,100,,26,,150000,d. $3M-5M,14,Up 5%,Y,N
F0035,2013,2012,47,N,?Canada,3900000,410,,14,,278571,d. $3M-5M,19,Flat,Y,N
F0152,2013,2012,50,N,CO,3742000,28,,16,,233875,d. $3M-5M,9,Up 40%,Y,N
F0162,2013,2012,51,N,MO,3646923,60,,16,,227933,d. $3M-5M,5,Up 10%,Y,N
F0177,2013,2012,52,N,UT,3629000,1384,,9,,403222,d. $3M-5M,2,Up 71%,Y,N
F0161,2013,2012,53,N,MI,3625000,20,,60,,60417,d. $3M-5M,36,Up 12%,Y,N
F0178,2013,2012,54,N,KS,3400000,250,,18,,188889,d. $3M-5M,30,Up 10%,Y,N
F0063,2013,2012,55,N,TX,3310000,25,,10,,331000,d. $3M-5M,28,Up 5%,Y,N
F0167,2013,2012,55,N,OR,3310000,389,,12,,275833,d. $3M-5M,31,Up 12%,Y,N
F0030,2013,2012,57,N,NV,3300000,400,,29,,113793,d. $3M-5M,27,Up 15%,Y,N
F0149,2013,2012,58,N,FL,3250000,250,,15,,216667,d. $3M-5M,18,Up 12%,Y,N
F0104,2013,2012,59,N,CA,3225000,225,,20,,161250,d. $3M-5M,63,Up 15%,Y,N
F0067,2013,2012,60,N,CA,3201751,130,,14,,228696,d. $3M-5M,15,Up 15%,Y,N
F0179,2013,2012,61,N,TX,3200000,75,,15,,213333,d. $3M-5M,13,Up 25%,Y,N
F0180,2013,2012,61,N,OH,3200000,500,,15,,213333,d. $3M-5M,10,Up 15%,Y,N
F0046,2013,2012,63,N,TX,3174344,59,,21,,151159,d. $3M-5M,29,Up 20%,Y,N
F0084,2013,2012,64,N,TX,3165242,140,,24,,131885,d. $3M-5M,23,Up 50%,Y,N
F0070,2013,2012,65,N,IN,3056587,141,,21,,145552,d. $3M-5M,14,Up 10%,Y,N
F0112,2013,2012,66,N,IL,3026721,90,,16,,189170,d. $3M-5M,20,Up 20%,Y,N
F0143,2013,2012,67,N,CA,2964000,1600,,25,,118560,c. $2M-3M,15,Up 5%,Y,N
F0036,2013,2012,68,N,AZ,2823101,900,,25,,112924,c. $2M-3M,18,Up 25%,Y,N
F0139,2013,2012,69,N,OH,2800000,200,,18,,155556,c. $2M-3M,58,Up 15%,Y,N
F0164,2013,2012,70,N,NJ,2730000,650,,15,,182000,c. $2M-3M,34,Flat,Y,N
F0062,2013,2012,71,N,NJ,2700000,125,,11,,245455,c. $2M-3M,29,Up 15%,Y,N
F0094,2013,2012,72,N,CA,2674300,61,,8,,334288,c. $2M-3M,9,Up 35%,Y,N
F0181,2013,2012,73,N,VA,2670000,926,,23,,116087,c. $2M-3M,10,Up 45%,Y,N
F0182,2013,2012,74,N,TX,2665000,200,,20,,133250,c. $2M-3M,36,Up 8%,Y,N
F0114,2013,2012,75,N,NV,2650000,35,,14,,189286,c. $2M-3M,11,Up 10%,Y,N
F0113,2013,2012,76,N,NV,2613750,40,,30,,87125,c. $2M-3M,15,N/A,Y,N
F0064,2013,2012,77,N,CA,2550461,92,,6,,425077,c. $2M-3M,19,Up 10%,Y,N
F0183,2013,2012,78,N,NV,2550000,42,,10,,255000,c. $2M-3M,10,Up 10%,Y,N
F0111,2013,2012,79,N,CA,2537023,200,,15,,169135,c. $2M-3M,33,Up 10%,Y,N
F0184,2013,2012,80,N,CO,2516958,45,,15,,167797,c. $2M-3M,25,Up 5%,Y,N
F0168,2013,2012,81,N,TX,2507587,40,,10,,250759,c. $2M-3M,14,Up 25%,Y,N
F0185,2013,2012,82,N,CA,2500000,20,,9,,277778,c. $2M-3M,51,Up 8%,Y,N
F0085,2013,2012,82,N,?Okla.,2500000,150,,10,,250000,c. $2M-3M,24,Down 20%,Y,N
F0077,2013,2012,84,N,NY,2480000,180,,22,,112727,c. $2M-3M,76,Flat,Y,N
F0072,2013,2012,85,N,AZ,2446423,30,,12,,203869,c. $2M-3M,12,Up 15%,Y,N
F0059,2013,2012,86,N,IL,2400000,1000,,22,,109091,c. $2M-3M,18,Up 20%,Y,N
F0061,2013,2012,87,N,OR,2357200,307,,18,,130956,c. $2M-3M,29,Up 5%,Y,N
F0163,2013,2012,88,N,SC,2307000,55,,18,,128167,c. $2M-3M,11,Up 25%,Y,N
F0147,2013,2012,89,N,TX,2235371,60,,12,,186281,c. $2M-3M,9,Up 15%,Y,N
F0082,2013,2012,90,N,IN,2203330,252,,18,,122407,c. $2M-3M,26,Up 10%,Y,N
F0115,2013,2012,91,N,WA,2160087,197,,12,,180007,c. $2M-3M,7,Up 10%,Y,N
F0093,2013,2012,92,N,MA,2156078,50,,12,,179673,c. $2M-3M,11,Up 5%,Y,N
F0166,2013,2012,93,N,MA,2112767,82,,10,,211277,c. $2M-3M,17,Up 10%,Y,N
F0186,2013,2012,94,N,MD,2110000,200,,11,,191818,c. $2M-3M,3,Up 22%,Y,N
F0079,2013,2012,95,N,FL,2100000,129,,10,,210000,c. $2M-3M,9,Up 10%,Y,N
F0187,2013,2012,96,N,AZ,2036833,60,,6,,339472,c. $2M-3M,8,Up 5%,Y,N
F0123,2013,2012,97,N,LA,2023953,32,,6,,337326,c. $2M-3M,10,Up 15%,Y,N
F0118,2013,2012,98,N,AZ,2010000,135,,17,,118235,c. $2M-3M,18,Up 20%,Y,N
F0150,2013,2012,99,N,AZ,2005697,156,,10,,200570,c. $2M-3M,16,Up 20%,Y,N
F0024,2013,2012,100,N,NY,2000000,140,,30,,66667,c. $2M-3M,20,Flat,Y,N
F0153,2014,2013,1,N,MN,755600000,128450,,155500,,4859,g. $25M+,48,,Y,Y
F0135,2014,2013,2,N,UT,305553000,143861,,5100,,59912,g. $25M+,15,,Y,Y
F0131,2014,2013,3,N,FL,124800000,78000,,17000,,7341,g. $25M+,140,,Y,Y
F0188,2014,2013,4,N,CA,67001848,668,,331,,202423,g. $25M+,17,,Y,N
F0001,2014,2013,5,N,PA,29463247,25860,,297,,99203,g. $25M+,63,,Y,Y
F0004,2014,2013,6,N,CA,26350765,2200,,70,,376440,g. $25M+,33,,Y,N
F0003,2014,2013,7,N,NY,22000000,250,,100,,220000,f. $10M-25M,38,,Y,N
F0005,2014,2013,8,N,NY,17849116,100,,60,,297485,f. $10M-25M,37,,Y,N
F0171,2014,2013,9,N,PA,15000000,50,,40,,375000,f. $10M-25M,14,,Y,N
F0010,2014,2013,10,N,NY,13010563,160,,46,,282838,f. $10M-25M,32,,Y,N
F0007,2014,2013,11,N,FL,12107700,577,,90,,134530,f. $10M-25M,27,,Y,N
F0189,2014,2013,12,N,CA,11200000,188,,80,,140000,f. $10M-25M,25,,Y,N
F0037,2014,2013,13,N,?N.H.,9603000,100,,39,,246231,e. $5M-10M,10,,Y,N
F0022,2014,2013,14,N,PA,8680000,1997,,80,,108500,e. $5M-10M,36,,Y,N
F0050,2014,2013,15,N,FL,8500000,150,,80,,106250,e. $5M-10M,2,,Y,N
F0006,2014,2013,16,N,CA,8400000,7000,,175,,48000,e. $5M-10M,15,,Y,N
F0141,2014,2013,16,N,FL,8400000,2000,,65,,129231,e. $5M-10M,20,,Y,N
F0157,2014,2013,18,N,FL,7500000,50,,25,,300000,e. $5M-10M,17,,Y,N
F0145,2014,2013,19,N,FL,7439146,2256,,71,,104777,e. $5M-10M,11,,Y,N
F0029,2014,2013,20,N,AZ,7218568,2419,,39,,185091,e. $5M-10M,13,,Y,N
F0025,2014,2013,21,N,NY,7000000,84,,19,,368421,e. $5M-10M,27,,Y,N
F0138,2014,2013,22,N,CA,6840000,150,,17,,402353,e. $5M-10M,16,,Y,N
F0065,2014,2013,23,N,IL,6486211,302,,19,,341380,e. $5M-10M,15,,Y,N
F0155,2014,2013,24,N,TX,6444426,150,,38,,169590,e. $5M-10M,8,,Y,N
F0034,2014,2013,25,N,CA,6071076,35,,20,,303554,e. $5M-10M,19,,Y,N
F0041,2014,2013,26,N,IN,5905196,127,,30,,196840,e. $5M-10M,17,,Y,N
F0032,2014,2013,27,N,NY,5750000,86,,22,,261364,e. $5M-10M,25,,Y,N
F0054,2014,2013,28,N,AR,5589987,600,,15,,372666,e. $5M-10M,11,,Y,N
F0073,2014,2013,29,N,FL,5444837,62,,24,,226868,e. $5M-10M,14,,Y,N
F0027,2014,2013,30,N,MO,5300000,500,,36,,147222,e. $5M-10M,31,,Y,N
F0051,2014,2013,31,N,CA,5255266,40,,26,,202126,e. $5M-10M,22,,Y,N
F0030,2014,2013,32,N,NV,5100000,460,,35,,145714,e. $5M-10M,28,,Y,N
F0049,2014,2013,33,N,TX,5000050,600,,30,,166668,e. $5M-10M,30,,Y,N
F0084,2014,2013,34,N,OH,4894360,340,,36,,135954,d. $3M-5M,24,,Y,N
F0152,2014,2013,35,N,CO,4551000,42,,27,,168556,d. $3M-5M,10,,Y,N
F0067,2014,2013,36,N,CA,4419914,197,,16,,276245,d. $3M-5M,16,,Y,N
F0013,2014,2013,37,N,AL,4216549,100,,22,,191661,d. $3M-5M,14,,Y,N
F0161,2014,2013,38,N,MI,4212380,60,,72,,58505,d. $3M-5M,37,,Y,N
F0046,2014,2013,39,N,TX,4200955,72,,25,,168038,d. $3M-5M,30,,Y,N
F0036,2014,2013,40,N,AZ,4196000,2000,,42,,99905,d. $3M-5M,19,,Y,N
F0149,2014,2013,41,N,FL,4100000,250,,15,,273333,d. $3M-5M,18,,Y,N
F0102,2014,2013,42,N,CA,4065922,55,,23,,176779,d. $3M-5M,23,,Y,N
F0167,2014,2013,43,N,OR,4011961,363,,11,,364724,d. $3M-5M,32,,Y,N
F0028,2014,2013,44,N,TX,3820000,900,,60,,63667,d. $3M-5M,38,,Y,N
F0162,2014,2013,45,N,MO,3716149,52,,14,,265439,d. $3M-5M,6,,Y,N
F0163,2014,2013,46,N,SC,3638000,65,,18,,202111,d. $3M-5M,11,,Y,N
F0180,2014,2013,47,N,OH,3620000,300,,19,,190526,d. $3M-5M,11,,Y,N
F0184,2014,2013,48,N,CO,3600000,70,,20,,180000,d. $3M-5M,26,,Y,N
F0190,2014,2013,49,N,VA,3500000,144,,38,,92105,d. $3M-5M,38,,Y,N
F0021,2014,2013,49,N,?Okla.,3500000,250,,24,,145833,d. $3M-5M,30,,Y,N
F0062,2014,2013,49,N,NJ,3500000,150,,13,,269231,d. $3M-5M,30,,Y,N
F0114,2014,2013,52,N,NV,3489973,48,,14,,249284,d. $3M-5M,12,,Y,N
F0168,2014,2013,53,N,TX,3410319,40,,12,,284193,d. $3M-5M,15,,Y,N
F0035,2014,2013,54,N,?Canada,3400000,1200,,32,,106250,d. $3M-5M,20,,Y,N
F0063,2014,2013,55,N,TX,3392485,21,,9,,376943,d. $3M-5M,28,,Y,N
F0143,2014,2013,56,N,CA,3375970,1700,,25,,135039,d. $3M-5M,18,,Y,N
F0178,2014,2013,57,N,KS,3245000,225,,19,,170789,d. $3M-5M,31,,Y,N
F0056,2014,2013,58,N,TN,3230000,51,,20,,161500,d. $3M-5M,20,,Y,N
F0151,2014,2013,59,N,FL,3055000,772,,16,,190938,d. $3M-5M,13,,Y,N
F0181,2014,2013,60,N,VA,3026819,761,,23,,131601,d. $3M-5M,12,,Y,N
F0070,2014,2013,61,N,IN,3024903,112,,24,,126038,d. $3M-5M,15,,Y,N
F0148,2014,2013,62,N,GA,3007203,140,,17,,176894,d. $3M-5M,19,,Y,N
F0094,2014,2013,63,N,CA,3002756,61,,10,,300276,d. $3M-5M,10,,Y,N
F0185,2014,2013,64,N,CA,3000000,150,,10,,300000,d. $3M-5M,52,,Y,N
F0024,2014,2013,65,N,NY,2985400,130,,22,,135700,c. $2M-3M,21,,Y,N
F0139,2014,2013,66,N,OH,2964405,200,,18,,164689,c. $2M-3M,60,,Y,N
F0113,2014,2013,67,N,NV,2952450,40,,34,,86837,c. $2M-3M,16,,Y,N
F0166,2014,2013,68,N,MA,2895599,104,,10,,289560,c. $2M-3M,18,,Y,N
F0164,2014,2013,69,N,NJ,2820000,650,,16,,176250,c. $2M-3M,35,,Y,N
F0045,2014,2013,70,N,NY,2800000,175,,8,,350000,c. $2M-3M,20,,Y,N
F0082,2014,2013,71,N,IN,2796796,334,,18,,155378,c. $2M-3M,27,,Y,N
F0088,2014,2013,72,N,NJ,2775000,25,,14,,198214,c. $2M-3M,26,,Y,N
F0093,2014,2013,73,N,MA,2681309,45,,12,,223442,c. $2M-3M,12,,Y,N
F0183,2014,2013,74,N,NV,2662500,42,,10,,266250,c. $2M-3M,10,,Y,N
F0112,2014,2013,75,N,IL,2661984,235,,24,,110916,c. $2M-3M,21,,Y,N
F0191,2014,2013,76,N,MI,2625000,104,,15,,175000,c. $2M-3M,6,,Y,N
F0061,2014,2013,77,N,OR,2621900,328,,18,,145661,c. $2M-3M,30,,Y,N
F0111,2014,2013,78,N,CA,2537023,30,,15,,169135,c. $2M-3M,34,,Y,N
F0059,2014,2013,79,N,IL,2500000,800,,18,,138889,c. $2M-3M,19,,Y,N
F0142,2014,2013,80,N,TX,2470366,45,,10,,247037,c. $2M-3M,10,,Y,N
F0177,2014,2013,81,N,UT,2447479,250,,11,,222498,c. $2M-3M,45,,Y,N
F0072,2014,2013,82,N,AZ,2446198,30,,12,,203850,c. $2M-3M,13,,Y,N
F0077,2014,2013,83,N,NY,2407000,165,,18,,133722,c. $2M-3M,77,,Y,N
F0147,2014,2013,84,N,TX,2374560,70,,15,,158304,c. $2M-3M,10,,Y,N
F0079,2014,2013,85,N,FL,2296885,48,,10,,229688,c. $2M-3M,10,,Y,N
F0186,2014,2013,86,N,MD,2217000,200,,12,,184750,c. $2M-3M,4,,Y,N
F0060,2014,2013,87,N,MI,2189025,25,,14,,156359,c. $2M-3M,17,,Y,N
F0192,2014,2013,88,N,CO,2115099,31,,10,,211510,c. $2M-3M,12,,Y,N
F0156,2014,2013,89,N,NY,2112056,33,,28,,75431,c. $2M-3M,13,,Y,N
F0123,2014,2013,90,N,LA,2105120,28,,8,,263140,c. $2M-3M,11,,Y,N
F0078,2014,2013,91,N,CA,2101971,1731,,22,,95544,c. $2M-3M,33,,Y,N
F0118,2014,2013,92,N,AZ,2100000,135,,20,,105000,c. $2M-3M,19,,Y,N
F0193,2014,2013,92,N,CA,2100000,30,,8,,262500,c. $2M-3M,14,,Y,N
F0194,2014,2013,94,N,TX,1985376,300,,12,,165448,b. $1M-2M,14,,Y,N
F0195,2014,2013,95,N,TX,1950500,65,,12,,162542,b. $1M-2M,33,,Y,N
F0196,2014,2013,96,N,FL,1786000,100,,19,,94000,b. $1M-2M,7,,Y,N
F0197,2014,2013,97,N,OR,1780000,600,,9,,197778,b. $1M-2M,34,,Y,N
F0116,2014,2013,98,N,CA,1738000,25,,5,,347600,b. $1M-2M,43,,Y,N
F0198,2014,2013,99,N,LA,1700000,1000,,10,,170000,b. $1M-2M,20,,Y,N
F0128,2014,2013,100,N,TX,1680000,55,,8,,210000,b. $1M-2M,34,,Y,N
F0153,2015,2014,1,N,MN,648990000,114320,,125000,,5192,g. $25M+,,N/A,Y,Y
F0135,2015,2014,2,N,UT,394590000,143124,,7000,,56370,g. $25M+,,N/A,Y,Y
F0131,2015,2014,3,N,FL,128000000,78000,,17500,,7314,g. $25M+,,Up 5%,Y,Y
F0188,2015,2014,4,N,CA,73888068,375,,375,,197035,g. $25M+,,Up 17%,Y,N
F0001,2015,2014,5,N,PA,28994012,26019,,303,,95690,g. $25M+,,Up 7.7%,Y,Y
F0004,2015,2014,6,N,CA,26975700,2175,,72,,374662,g. $25M+,,Up 10%,Y,N
F0003,2015,2014,7,N,NY,26000000,260,,103,,252427,g. $25M+,,Up 15%,Y,N
F0006,2015,2014,8,N,CA,21939873,7500,,175,,125371,f. $10M-25M,,Up 30%,Y,N
F0005,2015,2014,9,N,NY,20058000,120,,64,,313406,f. $10M-25M,,Flat to up slightly,Y,N
F0007,2015,2014,10,N,FL,18200000,655,,100,,182000,f. $10M-25M,,Up 20%,Y,N
F0022,2015,2014,11,N,PA,16000000,2117,,80,,200000,f. $10M-25M,,Up 20%,Y,N
F0002,2015,2014,12,N,TX,15000000,704,,49,,306122,f. $10M-25M,,Up 10%,Y,N
F0145,2015,2014,13,N,FL,13875000,4000,,130,,106731,f. $10M-25M,,Up 35%,Y,N
F0189,2015,2014,14,N,CA,12500000,95,,67,,186567,f. $10M-25M,,Strong,Y,N
F0045,2015,2014,15,N,NY,12000000,175,,10,,1200000,f. $10M-25M,,Up 15%,Y,N
F0037,2015,2014,16,N,?N.H.,11600000,86,,46,,252174,f. $10M-25M,,Up 5%,Y,N
F0141,2015,2014,17,N,FL,11300000,3500,,95,,118947,f. $10M-25M,,Up 30%,Y,N
F0177,2015,2014,18,N,UT,9825000,752,,50,,196500,e. $5M-10M,,Up 10%,Y,N
F0138,2015,2014,19,N,CA,9200000,200,,17,,541176,e. $5M-10M,,Up 100%,Y,N
F0041,2015,2014,20,N,IN,8461988,172,,35,,241771,e. $5M-10M,,Flat,Y,N
F0029,2015,2014,21,N,AZ,8067962,2065,,39,,206871,e. $5M-10M,,Up 7%,Y,N
F0035,2015,2014,22,N,?Canada,8000000,15,,20,,400000,e. $5M-10M,,Down,Y,N
F0199,2015,2014,22,N,PA,8000000,168,,12,,666667,e. $5M-10M,,Up 20%,Y,N
F0025,2015,2014,24,N,NY,7925500,91,,21,,377405,e. $5M-10M,,Up 5%,Y,N
F0065,2015,2014,25,N,IL,7546338,188,,23,,328102,e. $5M-10M,,Up 10%,Y,N
F0034,2015,2014,26,N,CA,6914264,47,,25,,276571,e. $5M-10M,,Up 5%,Y,N
F0030,2015,2014,27,N,NV,6481000,490,,46,,140891,e. $5M-10M,,Up 15%,Y,N
F0149,2015,2014,28,N,FL,6390000,329,,15,,426000,e. $5M-10M,,Up 12%,Y,N
F0176,2015,2014,29,N,VA,6300000,2000,,40,,157500,e. $5M-10M,,Up 10%,Y,N
F0155,2015,2014,30,N,TX,6287541,120,,32,,196486,e. $5M-10M,,Stable,Y,N
F0049,2015,2014,31,N,TX,6277585,620,,30,,209253,e. $5M-10M,,Up 18%,Y,N
F0027,2015,2014,32,N,MO,6100000,500,,37,,164865,e. $5M-10M,,Up 15%,Y,N
F0174,2015,2014,33,N,NE,6000000,4320,,50,,120000,e. $5M-10M,,Up 30%,Y,N
F0054,2015,2014,34,N,AR,5956573,590,,15,,397105,e. $5M-10M,,Up 11%,Y,N
F0015,2015,2014,35,N,MA,5875000,120,,28,,209821,e. $5M-10M,,Up 20%,Y,N
F0168,2015,2014,36,N,TX,5768587,60,,19,,303610,e. $5M-10M,,Up 25%,Y,N
F0051,2015,2014,37,N,CA,5650789,45,,27,,209288,e. $5M-10M,,Up 20%,Y,N
F0156,2015,2014,38,N,NY,5629118,32,,28,,201040,e. $5M-10M,,Up 25%,Y,N
F0013,2015,2014,39,N,AL,5600000,105,,30,,186667,e. $5M-10M,,Up 5%,Y,N
F0190,2015,2014,40,N,VA,5342368,200,,42,,127199,e. $5M-10M,,Up 10%,Y,N
F0067,2015,2014,41,N,CA,5244668,151,,21,,249746,e. $5M-10M,,Up 10%,Y,N
F0161,2015,2014,42,N,MI,5200383,120,,86,,60470,e. $5M-10M,,Up 25%,Y,N
F0063,2015,2014,43,N,TX,5025271,19,,9,,558363,e. $5M-10M,,Up 10%,Y,N
F0118,2015,2014,44,N,AZ,5000000,185,,25,,200000,e. $5M-10M,,Flat,Y,N
F0152,2015,2014,45,N,CO,4963175,69,,27,,183821,d. $3M-5M,,Up 25%,Y,N
F0112,2015,2014,46,N,IL,4706309,325,,34,,138421,d. $3M-5M,,Up 15%,Y,N
F0062,2015,2014,47,N,NJ,4500000,175,,15,,300000,d. $3M-5M,,Up 25%,Y,N
F0200,2015,2014,47,N,FL,4500000,98,,27,,166667,d. $3M-5M,,Up 20%,Y,N
F0160,2015,2014,47,N,VA,4500000,400,,31,,145161,d. $3M-5M,,Flat,Y,N
F0151,2015,2014,50,N,FL,4452000,1049,,21,,212000,d. $3M-5M,,Up 10%,Y,N
F0036,2015,2014,51,N,AZ,4399000,2500,,43,,102302,d. $3M-5M,,Up 15%-20%,Y,N
F0182,2015,2014,52,N,TX,4350000,90,,24,,181250,d. $3M-5M,,Up 10%,Y,N
F0046,2015,2014,53,N,TX,4201795,72,,25,,168072,d. $3M-5M,,Up 10%,Y,N
F0028,2015,2014,54,N,TX,4200000,900,,60,,70000,d. $3M-5M,,Up 5%,Y,N
F0180,2015,2014,55,N,OH,4110000,300,,20,,205500,d. $3M-5M,,Up 33%,Y,N
F0088,2015,2014,56,N,NJ,4100000,22,,13,,315385,d. $3M-5M,,Up 15%,Y,N
F0201,2015,2014,57,N,CO,3800000,30,,8,,475000,d. $3M-5M,,Up 20%,Y,N
F0021,2015,2014,58,N,?Okla.,3795854,250,,24,,158161,d. $3M-5M,,Up,Y,N
F0162,2015,2014,59,N,MO,3773220,68,,14,,269516,d. $3M-5M,,Up 10%,Y,N
F0178,2015,2014,60,N,KS,3620106,205,,22,,164550,d. $3M-5M,,Up 10%,Y,N
F0184,2015,2014,61,N,CO,3600000,100,,24,,150000,d. $3M-5M,,Up 20%,Y,N
F0202,2015,2014,62,N,FL,3525000,100,,18,,195833,d. $3M-5M,,Up 25%,Y,N
F0203,2015,2014,63,N,NC,3503570,940,,22,,159253,d. $3M-5M,,Up 15%,Y,N
F0196,2015,2014,64,N,FL,3496866,115,,17,,205698,d. $3M-5M,,Up 20%,Y,N
F0148,2015,2014,65,N,GA,3316841,160,,22,,150766,d. $3M-5M,,Up 25%,Y,N
F0078,2015,2014,66,N,CA,3315011,1643,,24,,138125,d. $3M-5M,,Up 8%,Y,N
F0204,2015,2014,67,N,FL,3295800,1100,,26,,126762,d. $3M-5M,,Up 25%,Y,N
F0094,2015,2014,68,N,CA,3294844,58,,10,,329484,d. $3M-5M,,Up 15%,Y,N
F0082,2015,2014,69,N,IN,3271906,329,,18,,181773,d. $3M-5M,,Up 10%,Y,N
F0147,2015,2014,70,N,TX,3244702,85,,18,,180261,d. $3M-5M,,Up 15%,Y,N
F0056,2015,2014,71,N,TN,3200000,35,,16,,200000,d. $3M-5M,,Even,Y,N
F0163,2015,2014,72,N,SC,3182000,85,,18,,176778,d. $3M-5M,,Up 10%,Y,N
F0079,2015,2014,73,N,FL,3156161,42,,10,,315616,d. $3M-5M,,Up 27%,Y,N
F0072,2015,2014,74,N,AZ,3112031,40,,12,,259336,d. $3M-5M,,Up 25%,Y,N
F0191,2015,2014,75,N,MI,3094917,110,,17,,182054,d. $3M-5M,,Up 20%,Y,N
F0093,2015,2014,76,N,MA,3071645,40,,12,,255970,d. $3M-5M,,Up 10%,Y,N
F0070,2015,2014,77,N,IN,3034461,98,,23,,131933,d. $3M-5M,,Up 15%,Y,N
F0164,2015,2014,78,N,NJ,3000844,650,,17,,176520,d. $3M-5M,,Up 10%,Y,N
F0205,2015,2014,79,N,TX,3000000,10,,1,,3000000,d. $3M-5M,,Biggest year ever,Y,N
F0114,2015,2014,80,N,NV,2984657,61,,14,,213190,c. $2M-3M,,Up 20%,Y,N
F0181,2015,2014,81,N,VA,2909639,761,,21,,138554,c. $2M-3M,,Up 4%,Y,N
F0166,2015,2014,82,N,MA,2883475,122,,10,,288348,c. $2M-3M,,Up 15%,Y,N
F0195,2015,2014,83,N,TX,2880000,75,,12,,240000,c. $2M-3M,,Up 10%,Y,N
F0193,2015,2014,84,N,CA,2850000,30,,12,,237500,c. $2M-3M,,Up 25%,Y,N
F0206,2015,2014,85,N,PA,2837000,225,,15,,189133,c. $2M-3M,,Up 10%,Y,N
F0207,2015,2014,86,N,MI,2700000,69,,11,,245455,c. $2M-3M,,Up 10%,Y,N
F0061,2015,2014,87,N,OR,2652755,288,,18,,147375,c. $2M-3M,,Up 10%,Y,N
F0060,2015,2014,88,N,MI,2639230,30,,10,,263923,c. $2M-3M,,Growth,Y,N
F0208,2015,2014,89,N,GA,2622415,120,,10,,262242,c. $2M-3M,,Up 25%,Y,N
F0209,2015,2014,90,N,MO,2500000,160,,15,,166667,c. $2M-3M,,Up 100%,Y,N
F0210,2015,2014,90,N,IL,2500000,1500,,12,,208333,c. $2M-3M,,Up 25%,Y,N
F0211,2015,2014,92,N,NY,2440000,110,,12,,203333,c. $2M-3M,,Up 60%,Y,N
F0123,2015,2014,93,N,LA,2434246,131,,10,,243425,c. $2M-3M,,Up 10%,Y,N
F0212,2015,2014,94,N,MA,2400000,125,,5,,480000,c. $2M-3M,,Up 20%,Y,N
F0213,2015,2014,94,N,AR,2400000,125,,12,,200000,c. $2M-3M,,Up 10% -15%,Y,N
F0092,2015,2014,96,N,AZ,2300000,20,,8,,287500,c. $2M-3M,,Up 10%,Y,N
F0214,2015,2014,97,N,FL,2289000,142,,7,,327000,c. $2M-3M,,Up 15%,Y,N
F0115,2015,2014,98,N,WA,2281142,81,,12,,190095,c. $2M-3M,,Up 20%,Y,N
F0215,2015,2014,99,N,OH,2120000,117,,30,,70667,c. $2M-3M,,Up 30%,Y,N
F0187,2015,2014,100,N,AZ,2108198,140,,8,,263525,c. $2M-3M,,Up 20%,Y,N
F0135,2016,2015,1,N,UT,653700000,236562,,4325,,151145,g. $25M+,,Up 10%-20%,Y,Y
F0153,2016,2015,2,N,MN,641500000,113000,,125000,,5132,g. $25M+,,N/A,Y,Y
F0131,2016,2015,3,N,FL,142000000,482000,,17500,,8114,g. $25M+,,Up 2.7%,Y,Y
F0216,2016,2015,4,N,TX,35000000,,,160,,218750,g. $25M+,,Up 20%,Y,N
F0004,2016,2015,5,N,CA,29683270,2396,,76,,390569,g. $25M+,,Up 10%,Y,N
F0001,2016,2015,6,N,PA,29121431,25666,,323,,90159,g. $25M+,,Up 6.78%,Y,Y
F0003,2016,2015,7,N,NY,27300000,290,,103,,265049,g. $25M+,,Up 5%,Y,N
F0006,2016,2015,8,N,CA,25286978,1950,,210,,120414,g. $25M+,,Up 15%,Y,N
F0005,2016,2015,9,N,NY,20758000,123,,72,,288306,f. $10M-25M,,Up 5%,Y,N
F0145,2016,2015,10,N,FL,17717000,6000,,170,,104218,f. $10M-25M,,Up 25%,Y,N
F0007,2016,2015,11,N,FL,14480000,577,,90,,160889,f. $10M-25M,,Up 10%,Y,N
F0141,2016,2015,12,N,FL,13000000,2000,,90,,144444,f. $10M-25M,,Up 10%,Y,N
F0217,2016,2015,13,N,FL,12892000,3340,,95,,135705,f. $10M-25M,,Up 15%,Y,N
F0002,2016,2015,14,N,TX,12500000,962,,40,,312500,f. $10M-25M,,Flat,Y,N
F0189,2016,2015,15,N,CA,12008545,70,,62,,193686,f. $10M-25M,,Up 25%,Y,N
F0037,2016,2015,16,N,?N.H.,11900000,95,,49,,242857,f. $10M-25M,,Up 3%-5%,Y,N
F0138,2016,2015,17,N,CA,11870000,300,,35,,339143,f. $10M-25M,,Up 10%,Y,N
F0017,2016,2015,18,N,WA,11551297,279,,62,,186311,f. $10M-25M,,Down 10%,Y,N
F0177,2016,2015,19,N,UT,10750000,1003,,12,,895833,f. $10M-25M,,Up 25%,Y,N
F0199,2016,2015,20,N,PA,10000000,152,,15,,666667,f. $10M-25M,,Up 10%,Y,N
F0174,2016,2015,20,N,NE,10000000,6320,,64,,156250,f. $10M-25M,,Up 20%,Y,N
F0022,2016,2015,22,N,PA,9800000,1400,,85,,115294,e. $5M-10M,,Up 8%,Y,N
F0029,2016,2015,23,N,AZ,9175138,2505,,42,,218456,e. $5M-10M,,Up 10%,Y,N
F0218,2016,2015,24,N,IL,9000000,48,,49,,183673,e. $5M-10M,,Up 15%,Y,N
F0041,2016,2015,25,N,IN,8847650,156,,43,,205759,e. $5M-10M,,Up 10%,Y,N
F0025,2016,2015,26,N,NY,8820000,102,,22,,400909,e. $5M-10M,,Up 5%,Y,N
F0065,2016,2015,27,N,IL,8265104,255,,20,,413255,e. $5M-10M,,Up 20%,Y,N
F0030,2016,2015,28,N,NV,7500000,440,,46,,163043,e. $5M-10M,,Up 15%,Y,N
F0045,2016,2015,28,N,NY,7500000,60,,15,,500000,e. $5M-10M,,Up 20%,Y,N
F0219,2016,2015,28,N,TX,7500000,124,,36,,208333,e. $5M-10M,,Up 25%,Y,N
F0149,2016,2015,31,N,FL,7015250,250,,15,,467683,e. $5M-10M,,Up 12%,Y,N
F0176,2016,2015,32,N,VA,7000000,2500,,42,,166667,e. $5M-10M,,Up 15%,Y,N
F0155,2016,2015,33,N,TX,6421742,104,,30,,214058,e. $5M-10M,,Up 10%,Y,N
F0027,2016,2015,34,N,MO,6400000,560,,38,,168421,e. $5M-10M,,Up 20%,Y,N
F0054,2016,2015,35,N,AR,6311399,585,,20,,315570,e. $5M-10M,,Up 10%,Y,N
F0067,2016,2015,36,N,CA,6198541,124,,24,,258273,e. $5M-10M,,Up 10%,Y,N
F0034,2016,2015,37,N,CA,6179626,41,,28,,220701,e. $5M-10M,,Up 5%,Y,N
F0051,2016,2015,38,N,CA,6097097,50,,30,,203237,e. $5M-10M,,Up 20%,Y,N
F0168,2016,2015,38,N,TX,6000000,60,,20,,300000,e. $5M-10M,,Up 20%,Y,N
F0156,2016,2015,39,N,NY,5950433,38,,30,,198348,e. $5M-10M,,Up 20%,Y,N
F0032,2016,2015,40,N,NY,5900000,110,,23,,256522,e. $5M-10M,,Up 5%,Y,N
F0152,2016,2015,41,N,CO,5848730,43,,28,,208883,e. $5M-10M,,Up 25%,Y,N
F0190,2016,2015,42,N,VA,5840193,220,,45,,129782,e. $5M-10M,,Up 15%,Y,N
F0073,2016,2015,43,N,FL,5814164,98,,22,,264280,e. $5M-10M,,Up 10%,Y,N
F0112,2016,2015,44,N,IL,5796612,415,,42,,138015,e. $5M-10M,,Up 10%,Y,N
F0049,2016,2015,45,N,TX,5500000,600,,30,,183333,e. $5M-10M,,Up 12%,Y,N
F0220,2016,2015,46,N,MA,5300000,80,,19,,278947,e. $5M-10M,,Up 20%,Y,N
F0161,2016,2015,47,N,MI,5071562,95,,86,,58972,e. $5M-10M,,Up 5%,Y,N
F0221,2016,2015,48,N,CA,5000000,5,,83,,60241,e. $5M-10M,,N/A,Y,N
F0202,2016,2015,49,N,FL,4950000,150,,20,,247500,d. $3M-5M,,Flat,Y,N
F0180,2016,2015,50,N,OH,4920000,500,,22,,223636,d. $3M-5M,,Up 15%,Y,N
F0102,2016,2015,51,N,CA,4917452,150,,25,,196698,d. $3M-5M,,Up 15%,Y,N
F0036,2016,2015,52,N,AZ,4528050,2700,,45,,100623,d. $3M-5M,,Up 15%,Y,N
F0118,2016,2015,53,N,AZ,4500000,120,,25,,180000,d. $3M-5M,,Up 10%,Y,N
F0184,2016,2015,54,N,CO,4400000,90,,24,,183333,d. $3M-5M,,Up 10%,Y,N
F0035,2016,2015,55,N,?Alberta,4285000,2562,,18,,238056,d. $3M-5M,,Down 30%,Y,N
F0162,2016,2015,56,N,MO,4230620,57,,14,,302187,d. $3M-5M,,Up 10%-20%,Y,N
F0100,2016,2015,57,N,VA,4201463,1535,,21,,200070,d. $3M-5M,,Up 20%,Y,N
F0088,2016,2015,58,N,NJ,4150000,20,,15,,276667,d. $3M-5M,,Up 10 %,Y,N
F0222,2016,2015,59,N,SC,4100000,122,,5,,820000,d. $3M-5M,,Up 15%,Y,N
F0148,2016,2015,60,N,GA,4020500,120,,26,,154635,d. $3M-5M,,Up 20%,Y,N
F0028,2016,2015,61,N,TX,4000000,900,,60,,66667,d. $3M-5M,,Up 5%,Y,N
F0223,2016,2015,61,N,OR,4000000,250,,20,,200000,d. $3M-5M,,Up 15%,Y,N
F0224,2016,2015,61,N,CA,4000000,125,,30,,133333,d. $3M-5M,,Up 5%,Y,N
F0179,2016,2015,61,N,TX,4000000,100,,15,,266667,d. $3M-5M,,Up 10%,Y,N
F0181,2016,2015,65,N,VA,3962437,1089,,24,,165102,d. $3M-5M,,Up 10%,Y,N
F0225,2016,2015,66,N,AZ,3914606,391,,16,,244663,d. $3M-5M,,Up 16%,Y,N
F0226,2016,2015,67,N,TX,3900000,45,,12,,325000,d. $3M-5M,,Up 15%,Y,N
F0227,2016,2015,67,N,WA,3900000,500,,32,,121875,d. $3M-5M,,Up 10%,Y,N
F0203,2016,2015,69,N,NC,3835958,135,,23,,166781,d. $3M-5M,,Up 8%,Y,N
F0211,2016,2015,70,N,NY,3786000,259,,15,,252400,d. $3M-5M,,Up 20%,Y,N
F0123,2016,2015,71,N,LA,3710000,145,,13,,285385,d. $3M-5M,,Up 20%,Y,N
F0204,2016,2015,72,N,FL,3634060,850,,26,,139772,d. $3M-5M,,Up 10%,Y,N
F0196,2016,2015,73,N,FL,3625550,124,,19,,190818,d. $3M-5M,,Up 20%,Y,N
F0228,2016,2015,74,N,TX,3600000,60,,16,,225000,d. $3M-5M,,Up,Y,N
F0056,2016,2015,75,N,TN,3500000,28,,14,,250000,d. $3M-5M,,Up 15%,Y,N
F0229,2016,2015,75,N,TX,3500000,90,,14,,250000,d. $3M-5M,,Up,Y,N
F0163,2016,2015,75,N,SC,3500000,80,,18,,194444,d. $3M-5M,,Up 10%,Y,N
F0139,2016,2015,75,N,OH,3500000,200,,20,,175000,d. $3M-5M,,N/A,Y,N
F0230,2016,2015,75,N,CA,3500000,40,,18,,194444,d. $3M-5M,,Up 10%,Y,N
F0231,2016,2015,75,N,NY,3500000,90,,22,,159091,d. $3M-5M,,Up 30%,Y,N
F0209,2016,2015,75,N,MO,3500000,300,,18,,194444,d. $3M-5M,,Up 250%,Y,N
F0232,2016,2015,82,N,CO,3472469,50,,15,,231498,d. $3M-5M,,Up 20%,Y,N
F0233,2016,2015,83,N,TN,3407000,35,,15,,227133,d. $3M-5M,,Up 25%,Y,N
F0147,2016,2015,84,N,TX,3400000,110,,18,,188889,d. $3M-5M,,Up,Y,N
F0076,2016,2015,85,N,CA,3336083,1736,,35,,95317,d. $3M-5M,,Up 10-15%,Y,N
F0201,2016,2015,86,N,CO,3300000,33,,10,,330000,d. $3M-5M,,Up,Y,N
F0072,2016,2015,87,N,AZ,3245885,100,,20,,162294,d. $3M-5M,,Up 10%,Y,N
F0164,2016,2015,88,N,NJ,3234022,650,,18,,179668,d. $3M-5M,,Up 20%,Y,N
F0234,2016,2015,89,N,FL,3200000,200,,16,,200000,d. $3M-5M,,Up 2%,Y,N
F0206,2016,2015,90,N,PA,3189731,347,,16,,199358,d. $3M-5M,,Up 5%,Y,N
F0078,2016,2015,91,N,CA,3128916,1875,,23,,136040,d. $3M-5M,,Up 8%,Y,N
F0082,2016,2015,92,N,IN,3121844,313,,17,,183638,d. $3M-5M,,Up 10% - 20%,Y,N
F0070,2016,2015,93,N,IN,3097570,107,,23,,134677,d. $3M-5M,,Up 8%,Y,N
F0208,2016,2015,94,N,GA,3036652,120,,10,,303665,d. $3M-5M,,Up 15%,Y,N
F0235,2016,2015,95,N,CA,3000028,3000,,25,,120001,d. $3M-5M,,Up 300%,Y,N
F0236,2016,2015,96,N,FL,3000000,250,,15,,200000,d. $3M-5M,,Up 20%,Y,N
F0079,2016,2015,97,N,FL,2995906,48,,15,,199727,c. $2M-3M,,Up 27%,Y,N
F0166,2016,2015,98,N,MA,2967387,156,,10,,296739,c. $2M-3M,,Up 18%,Y,N
F0191,2016,2015,99,N,MI,2910000,100,,15,,194000,c. $2M-3M,,Up 15%,Y,N
F0237,2016,2015,100,N,MD,2900000,350,,20,,145000,c. $2M-3M,,Up 20%,Y,N
F0135,2017,2016,1,N,UT,757907000,267000,,5500,,137801,g. $25M+,,Up 10%-20%,Y,Y
F0153,2017,2016,2,N,MN,650100000,5000000,,20000,,32505,g. $25M+,,N/A,Y,Y
F0131,2017,2016,3,N,FL,501705360,788250,,22000,,22805,g. $25M+,,N/A,Y,Y
F0004,2017,2016,4,N,CA,34317000,2875,,85,,403729,g. $25M+,,Up 10%,Y,N
F0006,2017,2016,5,N,CA,33342128,4500,,235,,141881,g. $25M+,,Up 20%,Y,N
F0001,2017,2016,6,N,PA,30840034,24178,,1129,,27316,g. $25M+,,Up 8.34%,Y,Y
F0216,2017,2016,7,N,TX,30800000,,,180,,171111,g. $25M+,,Up 20%,Y,N
F0003,2017,2016,8,N,NY,27600000,220,,95,,290526,g. $25M+,,Up 5%,Y,N
F0005,2017,2016,9,N,NY,20758000,123,,72,,288306,f. $10M-25M,,Up 5%,Y,N
F0145,2017,2016,10,N,FL,18466000,6000,,190,,97189,f. $10M-25M,,Up 25%,Y,N
F0174,2017,2016,11,N,NE,15879041,7600,,66,,240592,f. $10M-25M,,Up 23%,Y,N
F0217,2017,2016,12,N,FL,14950000,3900,,115,,130000,f. $10M-25M,,Up 15%,Y,N
F0189,2017,2016,13,N,CA,14864058,90,,74,,200866,f. $10M-25M,,Up 5%,Y,N
F0010,2017,2016,14,N,NY,14185623,250,,50,,283712,f. $10M-25M,,Up 10%,Y,N
F0007,2017,2016,15,N,FL,13924000,103,,105,,132610,f. $10M-25M,,Up 3%,Y,N
F0037,2017,2016,16,N,?N.H.,11900000,88,,49,,242857,f. $10M-25M,,Up 3%-5%,Y,N
F0022,2017,2016,17,N,PA,11600000,1482,,87,,133333,f. $10M-25M,,Up 12%,Y,N
F0238,2017,2016,18,N,NC,11535000,923,,53,,217642,f. $10M-25M,,Up 15%,Y,N
F0029,2017,2016,19,N,AZ,11167956,3041,,47,,237616,f. $10M-25M,,Up 5%,Y,N
F0065,2017,2016,20,N,IL,10933433,293,,23,,475367,f. $10M-25M,,Up 20%,Y,N
F0138,2017,2016,21,N,CA,10230000,300,,35,,292286,f. $10M-25M,,Up 10%,Y,N
F0218,2017,2016,22,N,IL,9800000,51,,47,,208511,e. $5M-10M,,Up 5%,Y,N
F0041,2017,2016,23,N,IN,8996937,167,,44,,204476,e. $5M-10M,,Up 10%,Y,N
F0025,2017,2016,24,N,NY,8967128,101,,22,,407597,e. $5M-10M,,Up 5%,Y,N
F0149,2017,2016,25,N,FL,8591000,250,,15,,572733,e. $5M-10M,,Up 12%,Y,N
F0176,2017,2016,26,N,VA,8350000,2600,,45,,185556,e. $5M-10M,,Up 10%,Y,N
F0030,2017,2016,27,N,NV,8200000,470,,48,,170833,e. $5M-10M,,Up 15%,Y,N
F0045,2017,2016,28,N,NY,7500000,75,,10,,750000,e. $5M-10M,,Up 20%,Y,N
F0054,2017,2016,29,N,AR,7270785,595,,26,,279646,e. $5M-10M,,Up 10%,Y,N
F0112,2017,2016,30,N,IL,7266984,400,,48,,151396,e. $5M-10M,,Up 10%,Y,N
F0032,2017,2016,31,N,NY,7000000,125,,23,,304348,e. $5M-10M,,Up 2%,Y,N
F0027,2017,2016,31,N,MO,7000000,590,,39,,179487,e. $5M-10M,,Up 20%,Y,N
F0051,2017,2016,33,N,CA,6923623,65,,33,,209807,e. $5M-10M,,Up 10%,Y,N
F0155,2017,2016,34,N,TX,6895200,64,,22,,313418,e. $5M-10M,,Up 20%,Y,N
F0067,2017,2016,35,N,CA,6705290,124,,24,,279387,e. $5M-10M,,Up 10%,Y,N
F0049,2017,2016,36,N,TX,6662000,720,,36,,185056,e. $5M-10M,,Up 20%,Y,N
F0239,2017,2016,37,N,NE,6313784,60,,25,,252551,e. $5M-10M,,Up 30%,Y,N
F0034,2017,2016,38,N,CA,6269755,39,,28,,223920,e. $5M-10M,,Up 5%,Y,N
F0113,2017,2016,39,N,NV,6200000,75,,54,,114815,e. $5M-10M,,Up 10%,Y,N
F0036,2017,2016,40,N,AZ,6113000,3000,,54,,113204,e. $5M-10M,,Up 10%,Y,N
F0168,2017,2016,41,N,TX,6000000,60,,15,,400000,e. $5M-10M,,Up 20%,Y,N
F0190,2017,2016,42,N,VA,5899215,235,,48,,122900,e. $5M-10M,,Up 10%,Y,N
F0100,2017,2016,43,N,VA,5676702,1667,,23,,246813,e. $5M-10M,,Up 15%,Y,N
F0151,2017,2016,44,N,FL,5636000,1854,,28,,201286,e. $5M-10M,,Up 5%,Y,N
F0161,2017,2016,45,N,MI,5617205,100,,90,,62413,e. $5M-10M,,Up 10%,Y,N
F0200,2017,2016,46,N,FL,5200000,80,,30,,173333,e. $5M-10M,,Up 7%,Y,N
F0102,2017,2016,47,N,CA,5191935,150,,25,,207677,e. $5M-10M,,Up 15%,Y,N
F0221,2017,2016,48,N,CA,5000000,25,,90,,55556,e. $5M-10M,,Up 20%,Y,N
F0180,2017,2016,49,N,OH,4994381,500,,18,,277466,d. $3M-5M,,Up 15%,Y,N
F0235,2017,2016,50,N,CA,4985000,2500,,35,,142429,d. $3M-5M,,Up 45%,Y,N
F0076,2017,2016,51,N,CA,4911931,1654,,35,,140341,d. $3M-5M,,Flat,Y,N
F0184,2017,2016,52,N,CO,4900000,110,,24,,204167,d. $3M-5M,,Up 10%,Y,N
F0152,2017,2016,53,N,CO,4842730,42,,30,,161424,d. $3M-5M,,Up 20%,Y,N
F0202,2017,2016,54,N,FL,4700000,150,,22,,213636,d. $3M-5M,,Flat,Y,N
F0179,2017,2016,55,N,TX,4659078,150,,16,,291192,d. $3M-5M,,Up 10%,Y,N
F0163,2017,2016,56,N,SC,4600000,125,,20,,230000,d. $3M-5M,,Up 10%,Y,N
F0240,2017,2016,57,N,AZ,4400000,500,,25,,176000,d. $3M-5M,,Up 15%,Y,N
F0222,2017,2016,58,N,SC,4350000,122,,8,,543750,d. $3M-5M,,Up 10%,Y,N
F0118,2017,2016,58,N,AZ,4350000,125,,25,,174000,d. $3M-5M,,Up 10%,Y,N
F0241,2017,2016,60,N,CA,4332494,47,,6,,722082,d. $3M-5M,,Up 20%-30%,Y,N
F0162,2017,2016,61,N,MO,4231616,62,,15,,282108,d. $3M-5M,,Up 10%-20%,Y,N
F0203,2017,2016,62,N,NC,4176869,107,,23,,181603,d. $3M-5M,,Up 8%,Y,N
F0148,2017,2016,63,N,GA,4175000,120,,26,,160577,d. $3M-5M,,Up 20%,Y,N
F0079,2017,2016,64,N,FL,4149027,30,,15,,276602,d. $3M-5M,,Up 25%,Y,N
F0204,2017,2016,65,N,FL,4136862,1150,,30,,137895,d. $3M-5M,,Up 15%,Y,N
F0226,2017,2016,66,N,TX,4100000,45,,13,,315385,d. $3M-5M,,Up 15%,Y,N
F0231,2017,2016,66,N,NY,4100000,75,,24,,170833,d. $3M-5M,,Up 25%,Y,N
F0115,2017,2016,68,N,WA,4000000,123,,16,,250000,d. $3M-5M,,Up 20%,Y,N
F0181,2017,2016,69,N,VA,3882441,1324,,22,,176475,d. $3M-5M,,Up 5%,Y,N
F0028,2017,2016,70,N,TX,3800000,800,,50,,76000,d. $3M-5M,,Up 5%,Y,N
F0229,2017,2016,71,N,TX,3750000,70,,18,,208333,d. $3M-5M,,Up,Y,N
F0072,2017,2016,72,N,AZ,3692645,100,,23,,160550,d. $3M-5M,,Up 10%,Y,N
F0196,2017,2016,73,N,FL,3688545,160,,23,,160372,d. $3M-5M,,Up 30%,Y,N
F0088,2017,2016,74,N,NJ,3600000,23,,13,,276923,d. $3M-5M,,Up 10%,Y,N
F0056,2017,2016,74,N,TN,3600000,40,,14,,257143,d. $3M-5M,,Up 10%,Y,N
F0228,2017,2016,74,N,TX,3600000,60,,18,,200000,d. $3M-5M,,Up,Y,N
F0147,2017,2016,77,N,TX,3500000,115,,18,,194444,d. $3M-5M,,Up,Y,N
F0139,2017,2016,77,N,OH,3500000,200,,20,,175000,d. $3M-5M,,Up 10%,Y,N
F0230,2017,2016,77,N,CA,3500000,50,,21,,166667,d. $3M-5M,,Up 10%,Y,N
F0166,2017,2016,80,N,MA,3484104,183,,12,,290342,d. $3M-5M,,Up 10%,Y,N
F0232,2017,2016,81,N,CO,3472469,50,,15,,231498,d. $3M-5M,,Up 20%,Y,N
F0082,2017,2016,82,N,IN,3455507,230,,18,,191973,d. $3M-5M,,Up 10%-20%,Y,N
F0208,2017,2016,83,N,GA,3409310,125,,14,,243522,d. $3M-5M,,Up 20%,Y,N
F0242,2017,2016,84,N,TN,3240199,80,,17,,190600,d. $3M-5M,,Up 25%,Y,N
F0164,2017,2016,85,N,NJ,3234022,650,,16,,202126,d. $3M-5M,,Up 10%,Y,N
F0191,2017,2016,86,N,MI,3231400,120,,17,,190082,d. $3M-5M,,Up 15%,Y,N
F0243,2017,2016,87,N,IN,3200000,600,,10,,320000,d. $3M-5M,,Up 25%,Y,N
F0213,2017,2016,87,N,AR,3200000,100,,12,,266667,d. $3M-5M,,Up 15%-20%,Y,N
F0078,2017,2016,89,N,CA,3195446,2385,,23,,138932,d. $3M-5M,,Up 8%,Y,N
F0123,2017,2016,90,N,LA,3162961,145,,13,,243305,d. $3M-5M,,Up 20%,Y,N
F0206,2017,2016,91,N,PA,3155859,339,,16,,197241,d. $3M-5M,,Up 7%,Y,N
F0070,2017,2016,92,N,IN,3154068,104,,21,,150194,d. $3M-5M,,Up 15%,Y,N
F0187,2017,2016,93,N,AZ,3126059,128,,9,,347340,d. $3M-5M,,Up 20%,Y,N
F0212,2017,2016,94,N,MA,2910000,124,,6,,485000,c. $2M-3M,,Up 10%-20%,Y,N
F0061,2017,2016,95,N,OR,2877499,253,,18,,159861,c. $2M-3M,,Flat,Y,N
F0244,2017,2016,96,N,OR,2767989,120,,17,,162823,c. $2M-3M,,Up 20%,Y,N
F0201,2017,2016,97,N,CO,2500000,33,,8,,312500,c. $2M-3M,,Up,Y,N
F0210,2017,2016,97,N,IL,2500000,750,,12,,208333,c. $2M-3M,,Up 5%,Y,N
F0060,2017,2016,99,N,MI,2408000,20,,11,,218909,c. $2M-3M,,Flat,Y,N
F0245,2017,2016,100,N,CA,2390087,160,,15,,159339,c. $2M-3M,,Up 30%,Y,N
F0131,2018,2017,1,N,FL,1000000000,500000,,18000,,55556,g. $25M+,,N/A,Y,Y
F0135,2018,2017,2,N,UT,882000000,279735,,10000,,88200,g. $25M+,,Up 11%,Y,Y
F0153,2018,2017,3,N,MN,773240000,5280000,,120000,,6444,g. $25M+,,Up 2%,Y,Y
F0001,2018,2017,4,N,PA,213319598,29895,,1130,,188778,g. $25M+,,Up 2.57%,Y,Y
F0101,2018,2017,5,N,IL,52000000,12250,,120,,433333,g. $25M+,,Up 10%,Y,N
F0004,2018,2017,6,N,CA,43367337,2759,,92,,471384,g. $25M+,,Up 15%,Y,N
F0003,2018,2017,7,N,NY,27900000,300,,110,,253636,g. $25M+,,Up 2%,Y,N
F0005,2018,2017,8,N,NY,20957000,127,,79,,265278,f. $10M-25M,,Up 8%,Y,N
F0174,2018,2017,9,N,NE,19175852,10286,,64,,299623,f. $10M-25M,,Up 20%,Y,N
F0022,2018,2017,10,N,PA,17920000,14785,,92,,194783,f. $10M-25M,,Up 16%,Y,N
F0010,2018,2017,11,N,NY,15228678,275,,48,,317264,f. $10M-25M,,Up 10%,Y,N
F0189,2018,2017,12,N,CA,14880324,100,,74,,201085,f. $10M-25M,,Up 5%,Y,N
F0037,2018,2017,13,N,?N.H.,13000000,91,,52,,250000,f. $10M-25M,,Up 4%,Y,N
F0065,2018,2017,14,N,IL,12722070,137,,28,,454360,f. $10M-25M,,Up 15%,Y,N
F0007,2018,2017,15,N,FL,11631000,235,,85,,136835,f. $10M-25M,,Up 5%,Y,N
F0177,2018,2017,16,N,UT,11613000,2485,,15,,774200,f. $10M-25M,,Up 12%,Y,N
F0125,2018,2017,17,N,CA,11179956,6005,,85,,131529,f. $10M-25M,,Up 20%,Y,N
F0138,2018,2017,18,N,CA,10230000,301,,28,,365357,f. $10M-25M,,Up 20%,Y,N
F0029,2018,2017,19,N,AZ,9638929,2609,,44,,219067,e. $5M-10M,,Up 5%,Y,N
F0041,2018,2017,20,N,IN,9529883,205,,44,,216588,e. $5M-10M,,Up 10%,Y,N
F0149,2018,2017,21,N,FL,9200500,600,,48,,191677,e. $5M-10M,,Up 12%,Y,N
F0030,2018,2017,22,N,NV,9100000,530,,50,,182000,e. $5M-10M,,Up 15%,Y,N
F0025,2018,2017,23,N,NY,8750000,93,,22,,397727,e. $5M-10M,,Up 5%,Y,N
F0176,2018,2017,24,N,VA,8350000,2240,,45,,185556,e. $5M-10M,,Up 10%,Y,N
F0013,2018,2017,25,N,AL,8050000,300,,40,,201250,e. $5M-10M,,Up 10%,Y,N
F0246,2018,2017,26,N,NY,8000000,105,,40,,200000,e. $5M-10M,,Up 15%,Y,N
F0112,2018,2017,27,N,IL,7828853,685,,57,,137348,e. $5M-10M,,Up 10%,Y,N
F0155,2018,2017,28,N,TX,7628817,44,,22,,346764,e. $5M-10M,,Up 30%,Y,N
F0054,2018,2017,29,N,AR,7374815,426,,22,,335219,e. $5M-10M,,Up 10%,Y,N
F0168,2018,2017,30,N,TX,7000000,80,,15,,466667,e. $5M-10M,,Up 20%,Y,N
F0051,2018,2017,31,N,CA,6964906,75,,33,,211058,e. $5M-10M,,Up 10%,Y,N
F0239,2018,2017,32,N,NE,6860490,78,,29,,236569,e. $5M-10M,,Up 15%,Y,N
F0049,2018,2017,33,N,TX,6826633,612,,32,,213332,e. $5M-10M,,Flat,Y,N
F0200,2018,2017,34,N,FL,6800000,100,,28,,242857,e. $5M-10M,,Up 10%,Y,N
F0219,2018,2017,35,N,TX,6500000,92,,23,,282609,e. $5M-10M,,Up 15%,Y,N
F0034,2018,2017,36,N,CA,6363750,42,,30,,212125,e. $5M-10M,,Up 5%,Y,N
F0163,2018,2017,37,N,SC,6150000,200,,32,,192188,e. $5M-10M,,Up 5%,Y,N
F0032,2018,2017,38,N,NY,6149848,127,,21,,292850,e. $5M-10M,,Up 2%,Y,N
F0190,2018,2017,39,N,VA,6123282,232,,49,,124965,e. $5M-10M,,Up 10%,Y,N
F0113,2018,2017,40,N,NV,6100000,70,,54,,112963,e. $5M-10M,,Up 10%,Y,N
F0151,2018,2017,41,N,FL,6010000,1970,,30,,200333,e. $5M-10M,,Up 7%,Y,N
F0247,2018,2017,42,N,FL,6000000,35,,30,,200000,e. $5M-10M,,Up 10%,Y,N
F0067,2018,2017,43,N,CA,5841510,164,,22,,265523,e. $5M-10M,,Up 10%,Y,N
F0156,2018,2017,44,N,NY,5806197,115,,30,,193540,e. $5M-10M,,Up 10%,Y,N
F0027,2018,2017,45,N,MO,5740000,642,,40,,143500,e. $5M-10M,,Up 20%,Y,N
F0161,2018,2017,46,N,MI,5617205,125,,100,,56172,e. $5M-10M,,Up 15%,Y,N
F0248,2018,2017,47,N,NY,5548471,585,,22,,252203,e. $5M-10M,,Up 7%,Y,N
F0249,2018,2017,48,N,TX,5500000,96,,30,,183333,e. $5M-10M,,Up 35%,Y,N
F0202,2018,2017,49,N,FL,5300000,165,,22,,240909,e. $5M-10M,,Flat,Y,N
F0179,2018,2017,49,N,TX,5300000,188,,18,,294444,e. $5M-10M,,Up 10%,Y,N
F0102,2018,2017,51,N,CA,5284834,154,,25,,211393,e. $5M-10M,,Up 15%,Y,N
F0152,2018,2017,52,N,CO,5245387,181,,30,,174846,e. $5M-10M,,Up 20%,Y,N
F0235,2018,2017,53,N,CA,5200000,3000,,39,,133333,e. $5M-10M,,Up 20%,Y,N
F0180,2018,2017,54,N,OH,5004265,433,,18,,278015,e. $5M-10M,,Up 15%,Y,N
F0250,2018,2017,55,N,CA,4955858,28,,17,,291521,d. $3M-5M,,Up 20%,Y,N
F0036,2018,2017,56,N,AZ,4824140,2010,,50,,96483,d. $3M-5M,,Up 10%,Y,N
F0240,2018,2017,57,N,AZ,4800000,530,,26,,184615,d. $3M-5M,,Up 10%,Y,N
F0134,2018,2017,58,N,IL,4766688,115,,25,,190668,d. $3M-5M,,Up 9%,Y,N
F0251,2018,2017,58,N,NC,4754858,135,,25,,190194,d. $3M-5M,,Up 9%,Y,N
F0100,2018,2017,59,N,VA,4744244,1739,,21,,225916,d. $3M-5M,,Up 10%,Y,N
F0204,2018,2017,60,N,FL,4677500,1208,,35,,133643,d. $3M-5M,,Up 15%,Y,N
F0252,2018,2017,61,N,CA,4603000,1727,,16,,287688,d. $3M-5M,,Up 15%,Y,N
F0115,2018,2017,62,N,WA,4600000,151,,20,,230000,d. $3M-5M,,Up 20%,Y,N
F0229,2018,2017,63,N,TX,4474390,74,,20,,223720,d. $3M-5M,,Up,Y,N
F0076,2018,2017,64,N,CA,4426150,1681,,35,,126461,d. $3M-5M,,Up 10%,Y,N
F0028,2018,2017,65,N,TX,4368000,1135,,50,,87360,d. $3M-5M,,Up 5%,Y,N
F0253,2018,2017,66,N,TX,4352498,460,,18,,241805,d. $3M-5M,,Up 25%,Y,N
F0079,2018,2017,67,N,FL,4270744,35,,18,,237264,d. $3M-5M,,Up 25%,Y,N
F0114,2018,2017,68,N,NV,4145000,47,,14,,296071,d. $3M-5M,,Up 40%,Y,N
F0254,2018,2017,69,N,MT,4104414,60,,21,,195448,d. $3M-5M,,Up 9%,Y,N
F0208,2018,2017,70,N,GA,4100000,115,,15,,273333,d. $3M-5M,,Up 20%,Y,N
F0226,2018,2017,70,N,TX,4100000,71,,18,,227778,d. $3M-5M,,Up 15%,Y,N
F0045,2018,2017,72,N,NY,4000000,104,,10,,400000,d. $3M-5M,,Up 10%,Y,N
F0123,2018,2017,73,N,LA,3983255,175,,13,,306404,d. $3M-5M,,Up 10%,Y,N
F0181,2018,2017,74,N,VA,3934234,1443,,25,,157369,d. $3M-5M,,Up 5%,Y,N
F0178,2018,2017,75,N,KS,3932852,370,,20,,196643,d. $3M-5M,,Down 15%,Y,N
F0255,2018,2017,76,N,NY,3857200,69,,23,,167704,d. $3M-5M,,Up 25%,Y,N
F0148,2018,2017,77,N,GA,3850000,125,,23,,167391,d. $3M-5M,,Up 10%,Y,N
F0088,2018,2017,78,N,NJ,3753000,56,,13,,288692,d. $3M-5M,,Up 10%,Y,N
F0232,2018,2017,79,N,CO,3705635,65,,19,,195033,d. $3M-5M,,Up 20%,Y,N
F0162,2018,2017,80,N,MO,3686296,63,,15,,245753,d. $3M-5M,,Up 15%,Y,N
F0147,2018,2017,80,N,TX,3679375,115,,19,,193651,d. $3M-5M,,Up,Y,N
F0187,2018,2017,81,N,AZ,3678832,120,,11,,334439,d. $3M-5M,,Flat,Y,N
F0191,2018,2017,82,N,MI,3677848,100,,19,,193571,d. $3M-5M,,Up 20%,Y,N
F0166,2018,2017,83,N,MA,3629539,234,,14,,259253,d. $3M-5M,,Up 10%,Y,N
F0206,2018,2017,84,N,PA,3560670,522,,16,,222542,d. $3M-5M,,Up 5%,Y,N
F0078,2018,2017,85,N,CA,3501007,2080,,26,,134654,d. $3M-5M,,Up 9%,Y,N
F0139,2018,2017,86,N,OH,3500000,235,,19,,184211,d. $3M-5M,,Up 12.5%,Y,N
F0164,2018,2017,87,N,NJ,3484637,705,,17,,204979,d. $3M-5M,,Up 12%,Y,N
F0243,2018,2017,88,N,IN,3400957,675,,10,,340096,d. $3M-5M,,Up 15%,Y,N
F0072,2018,2017,89,N,AZ,3299776,90,,20,,164989,d. $3M-5M,,Up 10%,Y,N
F0056,2018,2017,90,N,TN,3250000,42,,14,,232143,d. $3M-5M,,Up 15%,Y,N
F0111,2018,2017,90,N,CA,3250000,55,,15,,216667,d. $3M-5M,,Up 20%,Y,N
F0082,2018,2017,92,N,IN,3207436,238,,18,,178191,d. $3M-5M,,Up 10%,Y,N
F0070,2018,2017,93,N,IN,3094526,73,,20,,154726,d. $3M-5M,,Up 15%,Y,N
F0256,2018,2017,94,N,NC,2992223,60,,16,,187014,c. $2M-3M,,Up 75%,Y,N
F0212,2018,2017,95,N,MA,2980000,142,,6,,496667,c. $2M-3M,,Up 5%,Y,N
F0061,2018,2017,96,N,OR,2916966,274,,19,,153525,c. $2M-3M,,Up 12%,Y,N
F0257,2018,2017,97,N,MN,2811000,180,,16,,175688,c. $2M-3M,,Up 28%,Y,N
F0213,2018,2017,98,N,AR,2692000,215,,15,,179467,c. $2M-3M,,Up 18%,Y,N
F0245,2018,2017,99,N,CA,2617111,174,,16,,163569,c. $2M-3M,,Up 15%,Y,N
F0258,2018,2017,100,N,NY,2614406,994,,4,,653602,c. $2M-3M,,Up 100%,Y,N
F0135,2019,2018,1,N,UT,1050000000,316000,,10000,0.92,105000,g. $25M+,,Up 11%,Y,Y
F0001,2019,2018,2,N,PA,214831509,24808,,1043,0.788,205975,g. $25M+,,Down 4.8%,Y,Y
F0101,2019,2018,3,N,IL,61000000,13000,,125,0.03,488000,g. $25M+,,Up 8%,Y,N
F0004,2019,2018,4,N,CA,45700920,2340,,94,0,486180,g. $25M+,,Up 15%,Y,N
F0006,2019,2018,5,N,CA,34046154,11000,,265,0.0007,128476,g. $25M+,,Flat,Y,N
F0003,2019,2018,6,N,NY,28000000,290,,112,0.05,250000,g. $25M+,,Up 1%,Y,N
F0005,2019,2018,7,N,NY,20783000,150,,78,0,266449,f. $10M-25M,,Up 6.5%,Y,N
F0177,2019,2018,8,N,UT,20755000,910,,80,0.55,259438,f. $10M-25M,,Up 12%,Y,N
F0174,2019,2018,9,N,NE,20025784,11941,,63,0,317870,f. $10M-25M,,Up 15%,Y,N
F0189,2019,2018,10,N,CA,16460571,90,,80,0.01,205757,f. $10M-25M,,Up 5%,Y,N
F0010,2019,2018,10,N,NY,15820502,280,,49,0.01,322867,f. $10M-25M,,Up 5%,Y,N
F0065,2019,2018,11,N,IL,15262122,155,,36,0.01,423948,f. $10M-25M,,Up 20%,Y,N
F0037,2019,2018,12,N,?N.H.,14400000,92,,50,0.01,288000,f. $10M-25M,,Up 5%,Y,N
F0259,2019,2018,13,N,TX,12775500,900,,98,0.0001,130362,f. $10M-25M,,Up 10%,Y,N
F0125,2019,2018,14,N,CA,12433543,5500,,89,0.02,139703,f. $10M-25M,,Down 20%,Y,N
F0022,2019,2018,15,N,PA,11730000,1563,,100,0,117300,f. $10M-25M,,Flat,Y,N
F0029,2019,2018,16,N,AZ,11387304,3234,,52,0.06,218987,f. $10M-25M,,Up 2.5%,Y,N
F0041,2019,2018,17,N,IN,11004418,208,,42,0,262010,f. $10M-25M,,Up 10%,Y,N
F0249,2019,2018,18,N,TX,10229500,60,,47,0.03,217649,f. $10M-25M,,Up 20%,Y,N
F0155,2019,2018,19,N,TX,10204867,42,,28,0.05,364460,f. $10M-25M,,Up 30%,Y,N
F0149,2019,2018,20,N,FL,9631710,612,,62,0.1,155350,e. $5M-10M,,Up 15%,Y,N
F0007,2019,2018,21,N,FL,9450000,300,,70,0.2,135000,e. $5M-10M,,Up 10%,Y,N
F0025,2019,2018,22,N,NY,9000000,95,,24,0,375000,e. $5M-10M,,Up 5%,Y,N
F0176,2019,2018,23,N,VA,8985000,2025,,50,0.33,179700,e. $5M-10M,,Up 10%,Y,N
F0051,2019,2018,24,N,CA,8584453,98,,37,0.07,232012,e. $5M-10M,,Up 10%,Y,N
F0112,2019,2018,25,N,IL,8530924,722,,54,0.1,157980,e. $5M-10M,,Up 5%,Y,N
F0013,2019,2018,26,N,AL,8503773,200,,40,0.05,212594,e. $5M-10M,,Up 10%,Y,N
F0246,2019,2018,27,N,NY,8150000,50,,42,0.0001,194048,e. $5M-10M,,Up 5%,Y,N
F0151,2019,2018,28,N,FL,8015000,2233,,33,0.07,242879,e. $5M-10M,,Up 7%,Y,N
F0219,2019,2018,29,N,TX,7600000,50,,22,0.0001,345455,e. $5M-10M,,Up 10%,Y,N
F0239,2019,2018,30,N,NE,7250000,58,,29,0,250000,e. $5M-10M,,Up 5%,Y,N
F0113,2019,2018,31,N,NV,7200000,60,,60,0.03,120000,e. $5M-10M,,Up 5%,Y,N
F0200,2019,2018,32,N,FL,7100000,92,,30,0,236667,e. $5M-10M,,Up 10%,Y,N
F0054,2019,2018,33,N,?Jonesboro,6805333,400,,28,0.01,243048,e. $5M-10M,,Up 15%,Y,N
F0247,2019,2018,34,N,FL,6600000,30,,30,0.02,220000,e. $5M-10M,,Up 5%,Y,N
F0032,2019,2018,35,N,NY,6500000,87,,23,0,282609,e. $5M-10M,,Up 28%,Y,N
F0034,2019,2018,36,N,CA,6469701,42,,32,0.01,202178,e. $5M-10M,,Up 10%,Y,N
F0202,2019,2018,37,N,FL,6300000,150,,28,0.05,225000,e. $5M-10M,,Down 20%,Y,N
F0235,2019,2018,38,N,CA,6076028,3400,,52,0.1,116847,e. $5M-10M,,Up 20%,Y,N
F0163,2019,2018,39,N,SC,5828350,145,,25,0.05,233134,e. $5M-10M,,Up 5%,Y,N
F0027,2019,2018,40,N,MO,5740000,590,,41,0.03,140000,e. $5M-10M,,Up 15%,Y,N
F0067,2019,2018,41,N,CA,5703593,149,,21,0.01,271600,e. $5M-10M,,Up 15%,Y,N
F0179,2019,2018,42,Y,TX,5700000,200,,20,0.05,285000,e. $5M-10M,,Up 10%,Y,N
F0260,2019,2018,42,Y,AZ,5700000,35,,30,0.02,190000,e. $5M-10M,,Up 10%,Y,N
F0049,2019,2018,44,Y,TX,5600000,394,,24,0.02,233333,e. $5M-10M,,Flat,Y,N
F0109,2019,2018,44,Y,TX,5600000,500,,35,0.4,160000,e. $5M-10M,,Up 20%,Y,N
F0115,2019,2018,46,N,WA,5544000,167,,22,0.02,252000,e. $5M-10M,,Up 10%,Y,N
F0156,2019,2018,47,N,NY,5439604,79,,33,0.13,164836,e. $5M-10M,,Up 20%,Y,N
F0152,2019,2018,48,N,CO,5435669,32,,32,0.04,169865,e. $5M-10M,,Up 15%,Y,N
F0102,2019,2018,49,N,CA,5377021,92,,25,0,215081,e. $5M-10M,,Up 15%,Y,N
F0248,2019,2018,50,N,NY,5298564,615,,25,0,211943,e. $5M-10M,,Up 5%,Y,N
F0229,2019,2018,51,N,TX,5283854,44,,21,0,251612,e. $5M-10M,,Up 10%,Y,N
F0204,2019,2018,52,N,FL,5031496,1100,,40,0.12,125787,e. $5M-10M,,Up 10%,Y,N
F0250,2019,2018,53,N,CA,5021869,23,,19,0,264309,e. $5M-10M,,Up 20%,Y,N
F0261,2019,2018,54,N,CA,4900000,90,,8,0,612500,d. $3M-5M,,Up 50%,Y,N
F0255,2019,2018,55,N,NY,4875076,72,,23,0,211960,d. $3M-5M,,Up 20%,Y,N
F0240,2019,2018,56,N,AZ,4800000,500,,29,0.02,165517,d. $3M-5M,,Up 10%,Y,N
F0208,2019,2018,57,N,GA,4700000,100,,16,0.25,293750,d. $3M-5M,,Up 10%,Y,N
F0232,2019,2018,58,N,CO,4658035,75,,21,0.0001,221811,d. $3M-5M,,Up 10%,Y,N
F0100,2019,2018,59,N,VA,4632788,1642,,21,0.19,220609,d. $3M-5M,,Up 10%,Y,N
F0252,2019,2018,60,N,CA,4603000,1700,,16,0.02,287688,d. $3M-5M,,Up 15%,Y,N
F0076,2019,2018,61,N,CA,4530642,1500,,20,0.2,226532,d. $3M-5M,,Flat,Y,N
F0028,2019,2018,62,N,TX,4524000,1300,,50,0,90480,d. $3M-5M,,Up 5%,Y,N
F0045,2019,2018,63,N,NY,4500000,54,,10,0,450000,d. $3M-5M,,Up 10%,Y,N
F0162,2019,2018,64,N,MO,4200798,87,,18,0,233378,d. $3M-5M,,Up 10%,Y,N
F0251,2019,2018,65,N,NC,4199946,156,,28,0.05,149998,d. $3M-5M,,Up 10%,Y,N
F0088,2019,2018,66,N,NJ,4185000,35,,13,0.22,321923,d. $3M-5M,,Up 10%,Y,N
F0123,2019,2018,67,N,LA,3983255,165,,14,0.0001,284518,d. $3M-5M,,Up 10%,Y,N
F0166,2019,2018,68,N,MA,3891922,196,,17,0.05,228937,d. $3M-5M,,Up 13%,Y,N
F0147,2019,2018,69,N,TX,3817253,61,,20,0.1,190863,d. $3M-5M,,Up,Y,N
F0187,2019,2018,70,N,AZ,3815463,103,,11,0.0001,346860,d. $3M-5M,,Up 25%,Y,N
F0262,2019,2018,71,N,TX,3800000,90,,17,0.03,223529,d. $3M-5M,,Up 11%,Y,N
F0070,2019,2018,72,N,IN,3780082,84,,23,0.31,164351,d. $3M-5M,,Up 10%,Y,N
F0139,2019,2018,73,N,OH,3750000,200,,20,0.02,187500,d. $3M-5M,,Up 12.5%,Y,N
F0078,2019,2018,74,N,CA,3727474,2377,,27,0.1214,138055,d. $3M-5M,,Up 10%,Y,N
F0181,2019,2018,75,N,VA,3589028,1013,,23,0.05,156045,d. $3M-5M,,Up 5%,Y,N
F0243,2019,2018,76,N,IN,3560959,630,,10,0.0003,356096,d. $3M-5M,,Flat,Y,N
F0206,2019,2018,77,N,PA,3527437,387,,16,0,220465,d. $3M-5M,,Flat,Y,N
F0190,2019,2018,78,N,VA,3501591,180,,49,0.01,71461,d. $3M-5M,,Flat,Y,N
F0257,2019,2018,79,N,MN,3500000,125,,16,0.05,218750,d. $3M-5M,,Up 20%,Y,N
F0178,2019,2018,80,N,KS,3496368,194,,18,0,194243,d. $3M-5M,,Up 15%,Y,N
F0072,2019,2018,81,N,AZ,3289529,50,,16,0.05,205596,d. $3M-5M,,Flat,Y,N
F0191,2019,2018,82,N,MI,3262970,80,,17,0,191939,d. $3M-5M,,Up 15%,Y,N
F0111,2019,2018,83,N,CA,3250000,50,,15,0.0002,216667,d. $3M-5M,,Up 20%,Y,N
F0263,2019,2018,84,N,NC,3200000,450,,22,0.3,145455,d. $3M-5M,,Up 5%,Y,N
F0061,2019,2018,85,N,OR,3195000,246,,19,0.1,168158,d. $3M-5M,,Flat,Y,N
F0264,2019,2018,86,N,TN,3186080,110,,12,0.05,265507,d. $3M-5M,,Up 30%,Y,N
F0254,2019,2018,87,N,MT,3160000,45,,20,0.0001,158000,d. $3M-5M,,Up 20%,Y,N
F0256,2019,2018,88,N,NC,3159499,40,,16,0.05,197469,d. $3M-5M,,Up 100%,Y,N
F0079,2019,2018,89,N,FL,3102000,30,,18,0.04,172333,d. $3M-5M,,Up 25%,Y,N
F0265,2019,2018,90,N,GA,3100000,150,,12,0.0002,258333,d. $3M-5M,,Up 16%,Y,N
F0082,2019,2018,91,N,IN,3096188,247,,18,0.05,172010,d. $3M-5M,,Up 8%,Y,N
F0266,2019,2018,92,N,NY,3000000,150,,14,0,214286,d. $3M-5M,,Up 25%,Y,N
F0258,2019,2018,93,N,NY,2970000,1913,,15,0,198000,c. $2M-3M,,Up 25%,Y,N
F0245,2019,2018,94,N,CA,2919090,180,,14,0.0001,208506,c. $2M-3M,,Flat,Y,N
F0214,2019,2018,95,N,FL,2900000,97,,12,0.16,241667,c. $2M-3M,,Up 10%,Y,N
F0164,2019,2018,96,N,NJ,2885804,650,,17,0,169753,c. $2M-3M,,Up 10%,Y,N
F0056,2019,2018,97,N,TN,2880000,48,,16,0.06,180000,c. $2M-3M,,Up 10%,Y,N
F0267,2019,2018,98,N,PA,2878568,100,,9,0.005,319841,c. $2M-3M,,Up 7.5%,Y,N
F0268,2019,2018,99,N,CA,2870000,30,,14,0,205000,c. $2M-3M,,Up 10%,Y,N
F0236,2019,2018,100,N,FL,2840272,215,,17,0.01,167075,c. $2M-3M,,Up 50%,Y,N
F0135,2020,2019,1,N,UT,1156000000,306000,10000,10000,0.92,115600,g. $25M+,21,,,Y
F0001,2020,2019,2,N,PA,210434426,30070,3772,988,0.77,212990,g. $25M+,69,,,Y
F0269,2020,2019,3,N,AZ,154509383,75,4852,350,0.05,441455,g. $25M+,29,,,Y
F0004,2020,2019,4,N,CA,118679000,2175,80,94,0,1262543,g. $25M+,39,,,N
F0101,2020,2019,5,N,IL,68000000,13500,350,130,0.03,523077,g. $25M+,84,,,N
F0270,2020,2019,6,N,KS,61309000,1500,100,300,0.07,204363,g. $25M+,1,,,N
F0221,2020,2019,7,N,IL,52000000,300,1250,205,0.07,253659,g. $25M+,3,,,N
F0022,2020,2019,8,N,PA,49000000,1620,2,92,0,532609,g. $25M+,41,,,N
F0006,2020,2019,9,N,CA,37420006,12000,400,275,0.01,136073,g. $25M+,21,,,N
F0003,2020,2019,10,N,NY,28500000,310,40,92,0.07,309783,g. $25M+,44,,,N
F0177,2020,2019,11,N,UT,22056000,910,1913,80,0.55,275700,f. $10M-25M,48,,,N
F0005,2020,2019,12,N,NY,21995000,150,0,84,0,261845,f. $10M-25M,43,,,N
F0174,2020,2019,13,N,NE,21867679,11310,474,63,0,347106,f. $10M-25M,83,,,N
F0220,2020,2019,14,N,MA,20100000,96,5,60,0,335000,f. $10M-25M,17,,,N
F0189,2020,2019,15,N,CA,18351166,90,7,80,0.01,229390,f. $10M-25M,30,,,N
F0010,2020,2019,16,N,NY,15646119,250,2,50,0.02,312922,f. $10M-25M,38,,,N
F0259,2020,2019,17,N,TX,13500000,1200,30,105,0.05,128571,f. $10M-25M,37,,,N
F0029,2020,2019,18,N,AZ,12954686,3216,10,52,0.06,249129,f. $10M-25M,20,,,N
F0112,2020,2019,19,N,IL,11367727,764,112,56,0.1,202995,f. $10M-25M,27,,,N
F0149,2020,2019,20,N,FL,10897000,375,30,62,0.15,175758,f. $10M-25M,25,,,N
F0155,2020,2019,21,N,TX,10467328,392,6,42,0.05,249222,f. $10M-25M,17,,,N
F0041,2020,2019,22,N,IN,10420731,282,21,42,0,248113,f. $10M-25M,23,,,N
F0176,2020,2019,23,N,VA,10380000,2175,175,65,0.31,159692,f. $10M-25M,18,,,N
F0125,2020,2019,24,N,CA,10274843,5500,1,77,0.02,133440,f. $10M-25M,12,,,N
F0249,2020,2019,25,N,TX,9957026,137,97,48,0.04,207438,e. $5M-10M,7,,,N
F0025,2020,2019,26,N,NY,9900000,102,0,20,0,495000,e. $5M-10M,33,,,N
F0007,2020,2019,27,N,FL,9800000,300,0,51,0,192157,e. $5M-10M,33,,,N
F0271,2020,2019,28,N,UT,9600000,121,5,61,0.05,157377,e. $5M-10M,16,,,N
F0246,2020,2019,29,N,NY,9125000,50,40,40,0.01,228125,e. $5M-10M,9,,,N
F0034,2020,2019,30,N,CA,8903816,56,5,40,0.01,222595,e. $5M-10M,26,,,N
F0151,2020,2019,31,N,FL,8796000,2567,25,41,0.08,214537,e. $5M-10M,19,,,N
F0028,2020,2019,32,N,TX,8100000,1300,30,50,0.01,162000,e. $5M-10M,44,,,N
F0272,2020,2019,33,N,CA,7800000,150,4,32,0.2,243750,e. $5M-10M,12,,,N
F0235,2020,2019,34,N,CA,7798465,3200,0,49,0.1,159152,e. $5M-10M,7,,,N
F0202,2020,2019,35,N,FL,7600000,150,15,30,0.05,253333,e. $5M-10M,14,,,N
F0156,2020,2019,36,N,NY,7548954,61,150,33,0.16,228756,e. $5M-10M,19,,,N
F0200,2020,2019,37,N,FL,7480000,95,8,33,0.01,226667,e. $5M-10M,15,,,N
F0273,2020,2019,38,N,TN,7461322,700,32,23,0.01,324405,e. $5M-10M,43,,,N
F0051,2020,2019,39,N,CA,7206835,87,4,40,0.1,180171,e. $5M-10M,28,,,N
F0113,2020,2019,40,N,NV,7200000,60,15,60,0.03,120000,e. $5M-10M,21,,,N
F0054,2020,2019,41,N,AR,7173248,400,5,27,0.01,265676,e. $5M-10M,17,,,N
F0168,2020,2019,42,N,TX,7000000,60,25,15,0.25,466667,e. $5M-10M,21,,,N
F0163,2020,2019,43,N,SC,6645695,192,104,32,0.04,207678,e. $5M-10M,17,,,N
F0152,2020,2019,44,N,CO,6588604,68,151,34,0.05,193782,e. $5M-10M,16,,,N
F0032,2020,2019,45,N,NY,6500000,87,2,24,0,270833,e. $5M-10M,32,,,N
F0067,2020,2019,46,N,CA,6385733,135,6,22,0,290261,e. $5M-10M,22,,,N
F0274,2020,2019,47,N,VA,6164099,1300,10,35,0.03,176117,e. $5M-10M,26,,,N
F0260,2020,2019,48,N,AZ,6000000,35,20,25,0.05,240000,e. $5M-10M,16,,,N
F0275,2020,2019,49,N,NC,5971678,41,47,20,0.11,298584,e. $5M-10M,12,,,N
F0240,2020,2019,50,N,AZ,5800000,188,10,30,0.02,193333,e. $5M-10M,9,,,N
F0255,2020,2019,51,N,NY,5702758,93,3,21,0,271560,e. $5M-10M,17,,,N
F0248,2020,2019,52,N,NY,5653010,690,5,25,0,226120,e. $5M-10M,45,,,N
F0276,2020,2019,53,N,CA,5500000,20,2,12,0,458333,e. $5M-10M,16,,,N
F0204,2020,2019,54,N,FL,5432498,1300,10,45,0.15,120722,e. $5M-10M,18,,,N
F0109,2020,2019,55,N,TX,5400000,500,200,35,0.4,154286,e. $5M-10M,32,,,N
F0161,2020,2019,56,N,MI,5378563,120,6,18,0,298809,e. $5M-10M,45,,,N
F0162,2020,2019,57,N,MO,5352346,78,10,18,0,297353,e. $5M-10M,12,,,N
F0251,2020,2019,58,N,NC,5349711,178,63,33,0.06,162112,e. $5M-10M,44,,,N
F0049,2020,2019,59,N,TX,5300000,300,6,22,0.02,240909,e. $5M-10M,30,,,N
F0232,2020,2019,60,N,CO,5199024,55,5,20,0,259951,e. $5M-10M,16,,,N
F0277,2020,2019,61,N,AZ,5123192,150,15,22,0,232872,e. $5M-10M,15,,,N
F0187,2020,2019,62,N,AZ,5037003,120,0,16,0.01,314813,e. $5M-10M,15,,,N
F0190,2020,2019,63,N,VA,5005523,170,35,44,0.03,113762,e. $5M-10M,45,,,N
F0115,2020,2019,64,N,WA,5000000,147,41,25,0.03,200000,e. $5M-10M,14,,,N
F0223,2020,2019,65,N,OR,4900000,400,80,26,0.02,188462,d. $3M-5M,39,,,N
F0196,2020,2019,66,N,FL,4880000,56,5,30,0.01,162667,d. $3M-5M,13,,,N
F0250,2020,2019,67,N,CA,4783844,27,0,19,0,251781,d. $3M-5M,7,,,N
F0070,2020,2019,68,N,IN,4417377,108,12,23,0.18,192060,d. $3M-5M,20,,,N
F0278,2020,2019,69,N,TX,4315308,23,2,16,0.02,269707,d. $3M-5M,5,,,N
F0208,2020,2019,70,N,GA,4300000,100,8,15,0.25,286667,d. $3M-5M,14,,,N
F0252,2020,2019,71,N,CA,4172000,1880,80,18,0.02,231778,d. $3M-5M,6,,,N
F0166,2020,2019,72,N,MA,4136847,210,60,18,0.05,229825,d. $3M-5M,22,,,N
F0100,2020,2019,73,N,VA,4113717,1383,8,19,0.23,216511,d. $3M-5M,20,,,N
F0244,2020,2019,74,N,OR,4090843,31,15,20,0.01,204542,d. $3M-5M,8,,,N
F0279,2020,2019,75,N,UT,4082472,75,5,11,0,371134,d. $3M-5M,6,,,N
F0266,2020,2019,76,Y,NY,4000000,210,8,17,0,235294,d. $3M-5M,5,,,N
F0231,2020,2019,76,Y,NY,4000000,60,5,19,0.02,210526,d. $3M-5M,12,,,N
F0123,2020,2019,78,N,LA,3983255,165,10,14,0.01,284518,d. $3M-5M,15,,,N
F0147,2020,2019,79,N,TX,3817253,71,6,22,0.1,173512,d. $3M-5M,16,,,N
F0139,2020,2019,80,N,OH,3800000,200,35,20,0.02,190000,d. $3M-5M,66,,,N
F0181,2020,2019,81,N,VA,3776933,1049,380,23,0.05,164214,d. $3M-5M,18,,,N
F0088,2020,2019,82,N,NJ,3735000,39,28,14,0.2,266786,d. $3M-5M,33,,,N
F0280,2020,2019,83,N,FL,3715000,130,5,21,0.02,176905,d. $3M-5M,19,,,N
F0281,2020,2019,84,N,CA,3552442,340,10,16,0.01,222028,d. $3M-5M,20,,,N
F0267,2020,2019,85,N,PA,3538909,115,10,11,0.01,321719,d. $3M-5M,17,,,N
F0090,2020,2019,86,N,PA,3536844,360,22,18,0.32,196491,d. $3M-5M,38,,,N
F0206,2020,2019,87,N,PA,3527437,406,150,16,0,220465,d. $3M-5M,72,,,N
F0079,2020,2019,88,N,FL,3520000,35,3,18,0.05,195556,d. $3M-5M,16,,,N
F0282,2020,2019,89,N,CA,3514000,10,0,9,0.01,390444,d. $3M-5M,31,,,N
F0243,2020,2019,90,N,IN,3451000,630,55,10,0.01,345100,d. $3M-5M,21,,,N
F0263,2020,2019,91,N,NC,3310000,520,54,22,0.3,150455,d. $3M-5M,2,,,N
F0111,2020,2019,92,N,CA,3250000,45,5,15,0.02,216667,d. $3M-5M,39,,,N
F0257,2020,2019,93,N,MN,3205960,125,60,16,0.05,200372,d. $3M-5M,9,,,N
F0283,2020,2019,94,N,NC,3169278,51,2,11,0.03,288116,d. $3M-5M,12,,,N
F0078,2020,2019,95,N,CA,3116463,2049,53,25,0.14,124659,d. $3M-5M,39,,,N
F0191,2020,2019,96,N,MI,3106597,70,0,18,0,172589,d. $3M-5M,12,,,N
F0284,2020,2019,97,N,TX,3093884,225,27,14,0.03,220992,d. $3M-5M,1,,,N
F0254,2020,2019,98,N,MT,3031427,45,16,18,0.01,168413,d. $3M-5M,20,,,N
F0061,2020,2019,99,N,OR,3028404,232,28,18,0.1,168245,d. $3M-5M,36,,,N
F0214,2020,2019,100,N,FL,3000000,78,0,14,0.08,214286,d. $3M-5M,20,,,N
F0131,2021,2020,1,N,FL,5315000000,,,20000,0.79,265750,g. $25M+,146,,,Y
F0135,2021,2020,2,N,UT,1260730000,338626,4808,10000,0.92,126073,g. $25M+,22,,,Y
F0001,2021,2020,3,N,PA,172589229,21806,3574,701,0.84,246204,g. $25M+,70,,,Y
F0269,2021,2020,4,N,AZ,141299290,84,3886,350,0.05,403712,g. $25M+,30,,,Y
F0004,2021,2020,5,N,CA,123526000,1985,65,94,0,1314106,g. $25M+,40,,,N
F0101,2021,2020,6,N,IL,78000000,15000,375,140,0.03,557143,g. $25M+,85,,,N
F0270,2021,2020,7,N,KS,65205000,1500,100,400,0.15,163012,g. $25M+,2,,,N
F0022,2021,2020,8,N,PA,50341000,1821,2,92,0,547185,g. $25M+,42,,,N
F0221,2021,2020,9,N,IL,42140000,711,348,185,0.06,227784,g. $25M+,4,,,N
F0006,2021,2020,10,N,CA,41542811,12000,400,280,0.07,148367,g. $25M+,22,,,N
F0177,2021,2020,11,N,UT,23065000,1780,2649,180,0.55,128139,f. $10M-25M,50,,,N
F0003,2021,2020,12,N,NY,21250000,265,25,82,0.1,259146,f. $10M-25M,45,,,N
F0174,2021,2020,13,N,NE,19936314,10165,325,62,0,321553,f. $10M-25M,84,,,N
F0259,2021,2020,14,N,TX,18000000,1200,30,125,0.01,144000,f. $10M-25M,37,,,N
F0010,2021,2020,15,N,NY,16059046,250,0,49,0.03,327736,f. $10M-25M,39,,,N
F0029,2021,2020,16,N,AZ,13003527,3314,2,63,0.07,206405,f. $10M-25M,21,,,N
F0285,2021,2020,17,N,UT,12944212,20,200,25,0.01,517768,f. $10M-25M,68,,,N
F0041,2021,2020,18,N,IN,11772622,296,11,48,0,245263,f. $10M-25M,24,,,N
F0176,2021,2020,19,N,VA,11020000,2297,200,72,0.32,153056,f. $10M-25M,19,,,N
F0149,2021,2020,20,N,FL,11010000,300,55,54,0.1,203889,f. $10M-25M,26,,,N
F0007,2021,2020,21,N,FL,10700000,350,6,52,0,205769,f. $10M-25M,34,,,N
F0151,2021,2020,22,N,FL,10039000,2567,10,45,0.08,223089,f. $10M-25M,20,,,N
F0249,2021,2020,23,N,TX,9705086,94,101,42,0.02,231073,e. $5M-10M,8,,,N
F0112,2021,2020,24,N,IL,9673591,1022,209,56,0.1,172743,e. $5M-10M,28,,,N
F0271,2021,2020,25,N,UT,9600000,157,6,92,0.05,104348,e. $5M-10M,17,,,N
F0025,2021,2020,26,N,NY,9200000,98,0,20,0,460000,e. $5M-10M,34,,,N
F0273,2021,2020,27,N,TN,9097726,1000,27,26,0.01,349913,e. $5M-10M,44,,,N
F0054,2021,2020,28,N,AR,8789648,313,5,27,0.01,325543,e. $5M-10M,18,,,N
F0125,2021,2020,29,N,CA,8668698,5500,1,77,0.02,112580,e. $5M-10M,12,,,N
F0235,2021,2020,30,N,CA,8512514,3000,0,50,0.1,170250,e. $5M-10M,8,,,N
F0034,2021,2020,31,N,CA,8505690,62,3,50,0.01,170114,e. $5M-10M,27,,,N
F0202,2021,2020,32,N,FL,8500000,175,20,40,0.05,212500,e. $5M-10M,15,,,N
F0200,2021,2020,33,Y,FL,8100000,95,8,35,0.01,231429,e. $5M-10M,15,,,N
F0272,2021,2020,33,Y,CA,8100000,150,10,45,0.1,180000,e. $5M-10M,13,,,N
F0028,2021,2020,35,N,TX,8000000,1100,20,43,0.01,186047,e. $5M-10M,45,,,N
F0113,2021,2020,36,N,NV,7900000,60,15,63,0.01,125397,e. $5M-10M,23,,,N
F0051,2021,2020,37,N,CA,7086914,70,5,43,0.11,164812,e. $5M-10M,29,,,N
F0163,2021,2020,38,N,SC,7000000,192,84,34,0.04,205882,e. $5M-10M,18,,,N
F0152,2021,2020,39,N,CO,6821596,76,162,28,0.06,243628,e. $5M-10M,17,,,N
F0067,2021,2020,40,N,CA,6728225,194,7,20,0,336411,e. $5M-10M,23,,,N
F0277,2021,2020,41,N,AZ,6605961,180,15,27,0,244665,e. $5M-10M,16,,,N
F0168,2021,2020,42,N,TX,6500000,60,25,15,0.15,433333,e. $5M-10M,21,,,N
F0155,2021,2020,43,N,TX,6332589,87,8,25,0.05,253304,e. $5M-10M,18,,,N
F0275,2021,2020,44,N,NC,6305117,60,51,25,0.11,252205,e. $5M-10M,13,,,N
F0286,2021,2020,45,N,CA,6200000,300,15,24,0.01,258333,e. $5M-10M,44,,,N
F0287,2021,2020,46,N,AR,6000000,2000,25,47,0.05,127660,e. $5M-10M,13,,,N
F0255,2021,2020,47,N,NY,5973387,84,3,17,0,351376,e. $5M-10M,18,,,N
F0204,2021,2020,48,N,FL,5958360,1450,10,45,0.15,132408,e. $5M-10M,19,,,N
F0288,2021,2020,49,N,CA,5900000,80,4,27,0,218519,e. $5M-10M,32,,,N
F0289,2021,2020,50,N,FL,5750000,700,150,30,0.3,191667,e. $5M-10M,20,,,N
F0274,2021,2020,51,N,VA,5710922,761,5,43,0.03,132812,e. $5M-10M,27,,,N
F0032,2021,2020,52,N,NY,5600000,87,2,24,0,233333,e. $5M-10M,32,,,N
F0251,2021,2020,53,N,NC,5600000,208,65,32,0.06,175000,e. $5M-10M,45,,,N
F0232,2021,2020,54,N,CO,5584024,58,6,23,0,242784,e. $5M-10M,17,,,N
F0115,2021,2020,55,N,WA,5500000,108,37,25,0.03,220000,e. $5M-10M,15,,,N
F0240,2021,2020,56,Y,AZ,5400000,150,10,25,0.02,216000,e. $5M-10M,10,,,N
F0109,2021,2020,56,Y,TX,5400000,500,200,35,0.4,154286,e. $5M-10M,33,,,N
F0049,2021,2020,58,Y,TX,5300000,300,2,22,0,240909,e. $5M-10M,30,,,N
F0223,2021,2020,58,Y,OR,5300000,400,80,25,0.02,212000,e. $5M-10M,40,,,N
F0248,2021,2020,60,N,NY,5163027,990,5,23,0,224479,e. $5M-10M,46,,,N
F0244,2021,2020,61,N,OR,5129832,52,10,30,0.01,170994,e. $5M-10M,10,,,N
F0190,2021,2020,62,N,VA,5022709,160,35,44,0.03,114152,e. $5M-10M,46,,,N
F0250,2021,2020,63,N,CA,4900791,24,0,19,0,257936,d. $3M-5M,8,,,N
F0246,2021,2020,64,N,NY,4850000,20,15,20,0.08,242500,d. $3M-5M,10,,,N
F0267,2021,2020,65,N,PA,4770855,100,6,11,0.01,433714,d. $3M-5M,18,,,N
F0181,2021,2020,66,N,VA,4716779,1170,295,23,0.05,205077,d. $3M-5M,19,,,N
F0279,2021,2020,67,N,UT,4623593,95,5,14,0,330257,d. $3M-5M,7,,,N
F0280,2021,2020,68,N,FL,4503000,130,5,22,0.02,204682,d. $3M-5M,20,,,N
F0252,2021,2020,69,N,CA,4316319,606,89,22,0.03,196196,d. $3M-5M,7,,,N
F0278,2021,2020,70,N,TX,4274193,18,1,22,0.02,194282,d. $3M-5M,6,,,N
F0123,2021,2020,71,Y,LA,4250000,395,35,16,0,265625,d. $3M-5M,19,,,N
F0266,2021,2020,71,Y,NY,4250000,210,10,17,0,250000,d. $3M-5M,6,,,N
F0206,2021,2020,73,N,PA,4243585,300,100,16,0,265224,d. $3M-5M,73,,,N
F0088,2021,2020,74,N,NJ,4193000,35,43,15,0.15,279533,d. $3M-5M,34,,,N
F0166,2021,2020,75,N,MA,4172087,208,60,18,0.05,231783,d. $3M-5M,23,,,N
F0147,2021,2020,76,N,TX,4133124,76,5,22,0.01,187869,d. $3M-5M,17,,,N
F0281,2021,2020,77,N,CA,4113212,350,12,20,0.02,205661,d. $3M-5M,21,,,N
F0208,2021,2020,78,N,GA,4100000,110,10,16,0.2,256250,d. $3M-5M,15,,,N
F0156,2021,2020,79,N,NY,4077775,31,84,21,0.17,194180,d. $3M-5M,20,,,N
F0070,2021,2020,80,N,IN,4019431,99,7,23,0.01,174758,d. $3M-5M,21,,,N
F0072,2021,2020,81,N,AZ,4011798,65,10,22,0.05,182354,d. $3M-5M,20,,,N
F0162,2021,2020,82,N,MO,3959915,78,10,18,0,219995,d. $3M-5M,13,,,N
F0290,2021,2020,83,N,CA,3947008,40,5,21,0.01,187953,d. $3M-5M,15,,,N
F0090,2021,2020,84,N,PA,3857274,340,12,19,0.3,203014,d. $3M-5M,39,,,N
F0257,2021,2020,85,N,MN,3814318,107,58,19,0.05,200754,d. $3M-5M,9,,,N
F0191,2021,2020,86,N,MI,3801620,50,0,18,0,211201,d. $3M-5M,13,,,N
F0139,2021,2020,87,N,OH,3800000,200,35,19,0.02,200000,d. $3M-5M,67,,,N
F0284,2021,2020,88,N,TX,3791208,270,34,15,0.05,252747,d. $3M-5M,2,,,N
F0243,2021,2020,89,N,IN,3700359,800,55,10,0.01,370036,d. $3M-5M,22,,,N
F0231,2021,2020,90,N,NY,3500000,60,5,13,0.02,269231,d. $3M-5M,13,,,N
F0268,2021,2020,91,N,CA,3471365,150,2,15,0.01,231424,d. $3M-5M,20,,,N
F0079,2021,2020,92,N,FL,3450000,37,3,19,0,181579,d. $3M-5M,16,,,N
F0111,2021,2020,93,N,CA,3350000,45,5,15,0.02,223333,d. $3M-5M,40,,,N
F0078,2021,2020,94,N,CA,3227203,3220,68,25,0.15,129088,d. $3M-5M,40,,,N
F0214,2021,2020,95,N,FL,3199000,76,0,14,0.01,228500,d. $3M-5M,21,,,N
F0263,2021,2020,96,N,NC,3121000,485,70,18,0.4,173389,d. $3M-5M,3,,,N
F0100,2021,2020,97,N,VA,2978288,1279,6,18,0.3,165460,c. $2M-3M,21,,,N
F0291,2021,2020,98,N,NC,2817464,160,15,17,0.03,165733,c. $2M-3M,11,,,N
F0292,2021,2020,99,N,AZ,2700000,80,20,9,0,300000,c. $2M-3M,46,,,N
F0293,2021,2020,100,N,TX,2528757,400,2,11,0.01,229887,c. $2M-3M,14,,,N
F0131,2022,2021,1,N,FL,5307000000,,,20000,0.82,265350,g. $25M+,147,,,Y
F0135,2022,2021,2,N,UT,1480000000,,,11000,0.915,134545,g. $25M+,23,,,Y
F0001,2022,2021,3,N,PA,173806770,21749,3149,701,0.802,247941,g. $25M+,72,,,Y
F0269,2022,2021,4,N,AZ,147036931,37,4080,350,0.05,420106,g. $25M+,30,,,Y
F0004,2022,2021,5,N,CA,134924000,2370,110,95,0,1420253,g. $25M+,41,,,N
F0101,2022,2021,6,N,IL,96000000,16000,500,143,0.03,671329,g. $25M+,86,,,N
F0221,2022,2021,7,N,IL,91000000,185,160,250,0.05,364000,g. $25M+,25,,,N
F0270,2022,2021,8,N,KS,75000000,1500,100,400,0.05,187500,g. $25M+,2,,,N
F0022,2022,2021,9,N,PA,63000000,3665,4,92,0,684783,g. $25M+,43,,,N
F0006,2022,2021,10,N,CA,40690928,18000,4000,290,0.08,140314,g. $25M+,23,,,N
F0174,2022,2021,11,N,NE,27848434,12282,375,64,0,435132,g. $25M+,85,,,N
F0003,2022,2021,12,N,NY,24800000,270,20,90,0.1,275556,f. $10M-25M,46,,,N
F0189,2022,2021,13,N,CA,23540793,105,8,94,0.01,250434,f. $10M-25M,32,,,N
F0271,2022,2021,14,N,UT,18000000,298,10,92,0.05,195652,f. $10M-25M,18,,,N
F0259,2022,2021,15,N,TX,17000000,1200,20,105,0.01,161905,f. $10M-25M,38,,,N
F0010,2022,2021,16,N,NY,16557297,250,0,49,0.04,337904,f. $10M-25M,39,,,N
F0029,2022,2021,17,N,AZ,13819600,3442,6,60,0.08,230327,f. $10M-25M,22,,,N
F0273,2022,2021,18,N,TN,12229737,1000,35,28,0.01,436776,f. $10M-25M,45,,,N
F0041,2022,2021,19,N,IN,12080646,283,11,48,0,251680,f. $10M-25M,25,,,N
F0007,2022,2021,20,N,FL,11900000,367,10,56,0,212500,f. $10M-25M,34,,,N
F0151,2022,2021,21,N,FL,11694000,3630,10,50,0.83,233880,f. $10M-25M,20,,,N
F0155,2022,2021,22,N,TX,11487921,53,4,35,0.05,328226,f. $10M-25M,19,,,N
F0235,2022,2021,23,N,CA,11487541,3200,0,65,0.1,176731,f. $10M-25M,8,,,N
F0285,2022,2021,24,N,UT,11284154,20,450,27,0.01,417932,f. $10M-25M,69,,,N
F0294,2022,2021,25,N,CA,11223995,6249,5,80,0.1,140300,f. $10M-25M,32,,,N
F0149,2022,2021,26,N,FL,10900000,150,25,52,0.01,209615,f. $10M-25M,27,,,N
F0202,2022,2021,27,N,AL,10600000,450,20,60,0.05,176667,f. $10M-25M,16,,,N
F0051,2022,2021,28,N,CA,9900832,85,3,44,0.03,225019,e. $5M-10M,30,,,N
F0112,2022,2021,29,N,IL,9846093,1422,212,62,0.1,158808,e. $5M-10M,29,,,N
F0272,2022,2021,30,N,CA,9800000,165,6,36,0.2,272222,e. $5M-10M,13,,,N
F0125,2022,2021,31,N,CA,9744692,5500,1,77,0.02,126554,e. $5M-10M,12,,,N
F0200,2022,2021,32,N,FL,9520526,115,8,39,0.005,244116,e. $5M-10M,16,,,N
F0295,2022,2021,33,Y,IL,9500000,1000,25,32,0,296875,e. $5M-10M,15,,,N
F0025,2022,2021,33,Y,NY,9500000,102,0,20,0,475000,e. $5M-10M,35,,,N
F0034,2022,2021,35,N,CA,9105069,71,4,50,0.01,182101,e. $5M-10M,28,,,N
F0277,2022,2021,36,N,AZ,8909124,180,15,27,0,329968,e. $5M-10M,16,,,N
F0113,2022,2021,37,N,NV,8800000,60,15,63,0.01,139683,e. $5M-10M,24,,,N
F0115,2022,2021,38,N,WA,8500000,176,43,33,0.03,257576,e. $5M-10M,16,,,N
F0163,2022,2021,39,N,SC,8200000,192,84,38,0.05,215789,e. $5M-10M,19,,,N
F0028,2022,2021,40,N,TX,8100000,1000,15,41,0.01,197561,e. $5M-10M,47,,,N
F0275,2022,2021,41,N,NC,7780232,67,90,27,0.11,288157,e. $5M-10M,14,,,N
F0289,2022,2021,42,N,FL,7750000,800,200,36,0.2,215278,e. $5M-10M,21,,,N
F0067,2022,2021,43,N,CA,7672291,205,5,22,0,348740,e. $5M-10M,24,,,N
F0296,2022,2021,44,N,TN,7311455,1855,71,51,0.27,143362,e. $5M-10M,54,,,N
F0054,2022,2021,45,N,AR,7034650,325,5,27,0.01,260543,e. $5M-10M,19,,,N
F0250,2022,2021,46,N,CA,6926978,21,0,21,0,329856,e. $5M-10M,9,,,N
F0244,2022,2021,47,N,OR,6805978,61,8,39,0.01,174512,e. $5M-10M,11,,,N
F0251,2022,2021,48,N,NC,6800000,215,72,33,0.06,206061,e. $5M-10M,46,,,N
F0204,2022,2021,49,N,FL,6799663,2700,12,45,0.12,151104,e. $5M-10M,20,,,N
F0232,2022,2021,50,N,CO,6614221,65,6,28,0,236222,e. $5M-10M,18,,,N
F0152,2022,2021,51,N,CO,6521429,62,134,26,0.06,250824,e. $5M-10M,18,,,N
F0297,2022,2021,52,N,AZ,6210000,439,30,33,0.02,188182,e. $5M-10M,11,,,N
F0248,2022,2021,53,N,NY,6170000,890,5,23,0,268261,e. $5M-10M,47,,,N
F0280,2022,2021,54,N,FL,6132990,130,5,26,0.015,235884,e. $5M-10M,20,,,N
F0223,2022,2021,55,Y,OR,6100000,550,80,25,0.02,244000,e. $5M-10M,40,,,N
F0286,2022,2021,55,Y,CA,6100000,300,15,24,0.01,254167,e. $5M-10M,45,,,N
F0274,2022,2021,57,N,VA,5916202,548,5,40,0.04,147905,e. $5M-10M,28,,,N
F0266,2022,2021,58,Y,NY,5900000,125,20,18,0,327778,e. $5M-10M,7,,,N
F0298,2022,2021,58,Y,TX,5900000,81,6,15,0.03,393333,e. $5M-10M,22,,,N
F0032,2022,2021,58,Y,NY,5900000,87,2,24,0,245833,e. $5M-10M,33,,,N
F0049,2022,2021,61,N,TX,5850000,421,6,24,0,243750,e. $5M-10M,30,,,N
F0180,2022,2021,62,N,OH,5809163,250,10,18,0,322731,e. $5M-10M,21,,,N
F0257,2022,2021,63,N,MN,5463613,219,68,25,0.05,218545,e. $5M-10M,10,,,N
F0255,2022,2021,64,N,NY,5422032,107,3,19,0,285370,e. $5M-10M,18,,,N
F0123,2022,2021,65,N,LA,5403525,165,10,14,0.01,385966,e. $5M-10M,15,,,N
F0279,2022,2021,66,N,UT,5357201,105,3,14,0,382657,e. $5M-10M,8,,,N
F0109,2022,2021,67,N,TX,5336000,524,179,32,0.3,166750,e. $5M-10M,34,,,N
F0072,2022,2021,68,N,AZ,5331215,65,10,23,0.05,231792,e. $5M-10M,21,,,N
F0070,2022,2021,69,N,IN,5257868,119,16,26,0.05,202226,e. $5M-10M,22,,,N
F0166,2022,2021,70,N,MA,5114751,242,49,20,0.05,255738,e. $5M-10M,25,,,N
F0299,2022,2021,71,N,NC,4992080,400,4,24,0.03,208003,d. $3M-5M,28,,,N
F0190,2022,2021,72,N,VA,4912564,120,12,41,0.05,119819,d. $3M-5M,47,,,N
F0300,2022,2021,73,N,NC,4900000,292,28,16,0.07,306250,d. $3M-5M,53,,,N
F0281,2022,2021,74,N,CA,4799334,350,12,20,0.005,239967,d. $3M-5M,21,,,N
F0252,2022,2021,75,N,CA,4708000,684,93,28,0.04,168143,d. $3M-5M,8,,,N
F0208,2022,2021,76,N,GA,4700000,120,10,15,0.05,313333,d. $3M-5M,15,,,N
F0181,2022,2021,77,N,VA,4615070,1190,336,30,0.05,153836,d. $3M-5M,20,,,N
F0162,2022,2021,78,N,MO,4510470,78,10,18,0,250582,d. $3M-5M,13,,,N
F0267,2022,2021,79,N,PA,4476032,100,6,12,0.02,373003,d. $3M-5M,17,,,N
F0088,2022,2021,80,N,NJ,4450000,29,48,14,0.2,317857,d. $3M-5M,35,,,N
F0206,2022,2021,81,N,PA,4399943,300,100,16,0,274996,d. $3M-5M,73,,,N
F0243,2022,2021,82,N,IN,4398521,700,35,10,0.01,439852,d. $3M-5M,23,,,N
F0278,2022,2021,83,N,TX,4372374,20,1,22,0.02,198744,d. $3M-5M,7,,,N
F0090,2022,2021,84,N,PA,4346810,248,11,20,0.22,217340,d. $3M-5M,40,,,N
F0191,2022,2021,85,N,MI,4341622,80,0,18,0,241201,d. $3M-5M,14,,,N
F0301,2022,2021,86,N,FL,4300000,120,5,19,0,226316,d. $3M-5M,23,,,N
F0254,2022,2021,87,N,MT,4284000,38,3,19,0.04,225474,d. $3M-5M,21,,,N
F0079,2022,2021,88,N,FL,4100000,100,2,18,0.06,227778,d. $3M-5M,20,,,N
F0302,2022,2021,89,N,MD,3957510,40,0,20,0.007,197876,d. $3M-5M,15,,,N
F0139,2022,2021,90,N,OH,3800000,200,35,19,0.02,200000,d. $3M-5M,68,,,N
F0231,2022,2021,91,N,NY,3700000,60,5,13,0.02,284615,d. $3M-5M,13,,,N
F0293,2022,2021,92,N,TX,3668598,400,2,12,0.01,305716,d. $3M-5M,15,,,N
F0263,2022,2021,93,N,NC,3612810,436,84,22,0.3,164219,d. $3M-5M,4,,,N
F0303,2022,2021,94,N,SC,3550000,75,6,10,0.02,355000,d. $3M-5M,16,,,N
F0291,2022,2021,95,N,NC,3487747,152,9,19,0.03,183566,d. $3M-5M,12,,,N
F0078,2022,2021,96,N,CA,3438936,3815,42,26,0.12,132267,d. $3M-5M,41,,,N
F0283,2022,2021,97,N,NC,3413836,62,3,15,0.03,227589,d. $3M-5M,14,,,N
F0214,2022,2021,98,N,FL,3387000,76,0,14,0.01,241929,d. $3M-5M,22,,,N
F0111,2022,2021,99,N,CA,3350000,45,5,15,0.18,223333,d. $3M-5M,40,,,N
F0100,2022,2021,100,N,VA,3253268,1325,4,17,0.27,191369,d. $3M-5M,22,,,N
F0131,2023,2022,1,N,FL,6395000000,,,22000,0.72,290682,g. $25M+,148,Up 3%-7%,,Y
F0001,2023,2022,2,N,PA,181780721,29475,2911,670,0.76,271315,g. $25M+,73,Flat,,Y
F0004,2023,2022,3,N,CA,146859000,2395,115,96,0,1529781,g. $25M+,42,Up 15%,,N
F0101,2023,2022,4,N,IL,98000000,16000,500,143,0.22,685315,g. $25M+,87,Up 8%-10%,,N
F0270,2023,2022,5,N,KS,85000000,15150,110,312,0.05,272436,g. $25M+,3,Up 5%,,N
F0022,2023,2022,6,N,PA,52600000,1676,5,92,0,571739,g. $25M+,44,Up 8%,,N
F0174,2023,2022,7,N,NE,28673994,13898,350,65,0,441138,g. $25M+,86,Up 12%,,N
F0003,2023,2022,8,N,NY,25500000,330,30,95,0.1,268421,g. $25M+,47,Up 6%-7%,,N
F0189,2023,2022,9,N,CA,22797894,102,8,94,0.04,242531,f. $10M-25M,33,Up 5%,,N
F0259,2023,2022,10,N,TX,19200000,1200,20,110,0.01,174545,f. $10M-25M,40,Up 10%,,N
F0010,2023,2022,11,N,NY,17453073,250,0,50,0.09,349061,f. $10M-25M,41,Up 2%,,N
F0029,2023,2022,12,N,AZ,17405212,4131,6,62,0.14,280729,f. $10M-25M,23,Down 10%,,N
F0285,2023,2022,13,N,UT,16759099,25,475,30,0.01,558637,f. $10M-25M,70,Flat,,N
F0161,2023,2022,14,N,MI,14750000,2500,0,130,0.01,113462,f. $10M-25M,48,Up 10%.,,N
F0151,2023,2022,15,N,FL,14406000,4318,18,50,0.08,288120,f. $10M-25M,22,Down 5%,,N
F0294,2023,2022,16,N,CA,14189460,5755,65,85,0.07,166935,f. $10M-25M,33,Down 25%-35%,,N
F0202,2023,2022,17,N,AL,13750000,500,20,70,0.05,196429,f. $10M-25M,17,Flat,,N
F0041,2023,2022,18,N,IN,13456178,294,7,53,0,253890,f. $10M-25M,26,Up 12%,,N
F0273,2023,2022,19,N,TN,13206287,1000,31,27,0.01,489122,f. $10M-25M,46,Up 10%,,N
F0112,2023,2022,20,N,IL,12772986,1992,229,72,0.1,177403,f. $10M-25M,30,Up 10%,,N
F0277,2023,2022,21,N,AZ,12104496,200,15,44,0,275102,f. $10M-25M,17,Up 15%,,N
F0158,2023,2022,22,N,CO,12058000,150,200,40,0.03,301450,f. $10M-25M,21,Up 12%,,N
F0295,2023,2022,23,Y,IL,12000000,1100,35,35,0.03,342857,f. $10M-25M,16,Up by 10%,,N
F0007,2023,2022,23,Y,FL,12000000,297,10,54,0,222222,f. $10M-25M,37,Up 5%,,N
F0034,2023,2022,25,N,CA,11905069,89,3,55,0.01,216456,f. $10M-25M,29,Up 15%,,N
F0235,2023,2022,26,N,CA,11782208,3200,0,65,0.1,181265,f. $10M-25M,10,Down 15%,,N
F0051,2023,2022,27,N,CA,11700000,90,2,46,0.02,254348,f. $10M-25M,31,Up,,N
F0200,2023,2022,28,N,FL,11601013,136,14,47,0.01,246830,f. $10M-25M,18,Up 5%,,N
F0149,2023,2022,29,N,FL,11359000,150,25,52,0.01,218442,f. $10M-25M,27,Up 10%,,N
F0115,2023,2022,30,N,WA,11315010,178,47,48,0.03,235729,f. $10M-25M,17,Up 10%,,N
F0163,2023,2022,31,N,SC,11000000,205,116,45,0.03,244444,f. $10M-25M,20,Up 10%,,N
F0272,2023,2022,32,N,CA,10100000,165,6,42,0.25,240476,f. $10M-25M,14,Up 20%,,N
F0113,2023,2022,33,N,NV,9900000,60,15,63,0.01,157143,e. $5M-10M,24,Up 5%,,N
F0025,2023,2022,34,N,NY,9720000,105,0,20,0,486000,e. $5M-10M,36,Flat,,N
F0127,2023,2022,35,N,MA,9200000,165,15,35,0.02,262857,e. $5M-10M,49,Up 15%,,N
F0289,2023,2022,36,N,FL,9065413,800,200,46,0.2,197074,e. $5M-10M,23,Up 25%,,N
F0054,2023,2022,37,N,AR,8969504,325,5,30,0.01,298983,e. $5M-10M,21,Up 10%,,N
F0028,2023,2022,38,N,TX,8700000,1000,15,42,0.01,207143,e. $5M-10M,48,Flat,,N
F0067,2023,2022,39,N,CA,8431592,155,4,24,0,351316,e. $5M-10M,25,Up 10%,,N
F0296,2023,2022,40,N,TN,8232000,1911,74,53,0.37,155321,e. $5M-10M,55,Flat,,N
F0204,2023,2022,41,N,FL,7908976,2900,15,48,0.08,164770,e. $5M-10M,21,Up 10%,,N
F0246,2023,2022,42,N,NY,7800000,60,4,35,0.04,222857,e. $5M-10M,12,Up 20%,,N
F0070,2023,2022,43,N,IN,7449748,151,19,35,0.05,212850,e. $5M-10M,23,Flat,,N
F0298,2023,2022,44,N,TX,7397209,81,6,15,0.03,493147,e. $5M-10M,22,Up 15%,,N
F0168,2023,2022,45,N,TX,7200000,70,50,15,0.15,480000,e. $5M-10M,23,Flat,,N
F0152,2023,2022,46,N,CO,7121429,68,122,29,0.06,245567,e. $5M-10M,19,Up 10%,,N
F0232,2023,2022,47,N,CO,7062886,150,20,35,0.01,201797,e. $5M-10M,19,Up 5%,,N
F0266,2023,2022,48,N,NY,6875000,125,20,24,0.03,286458,e. $5M-10M,8,Up 36 %,,N
F0279,2023,2022,49,N,UT,6828460,105,3,18,0,379359,e. $5M-10M,10,Up 3%-5%,,N
F0251,2023,2022,50,Y,NC,6800000,215,72,33,0.06,206061,e. $5M-10M,46,Up 5%,,N
F0304,2023,2022,50,Y,TX,6800000,,15,23,0.01,295652,e. $5M-10M,20,Flat,,N
F0248,2023,2022,52,N,NY,6780500,950,5,23,0,294804,e. $5M-10M,48,Flat,,N
F0223,2023,2022,53,N,OR,6500000,550,80,28,0.02,232143,e. $5M-10M,42,Flat,,N
F0278,2023,2022,54,N,TX,6415486,20,2,28,0.01,229124,e. $5M-10M,8,Up 5%,,N
F0244,2023,2022,55,N,AZ,6374233,96,6,37,0.01,172277,e. $5M-10M,12,Up 20%,,N
F0305,2023,2022,56,N,MD,6206418,146,161,25,0.04,248257,e. $5M-10M,20,Up 10%,,N
F0255,2023,2022,57,N,NY,6126896,126,2,18,0,340383,e. $5M-10M,19,Up 20%,,N
F0299,2023,2022,58,N,NC,6011947,400,10,25,0.05,240478,e. $5M-10M,30,Down 10%,,N
F0297,2023,2022,59,N,AZ,5980000,345,20,35,0.02,170857,e. $5M-10M,12,Up 20%,,N
F0049,2023,2022,60,N,TX,5751146,351,6,20,0,287557,e. $5M-10M,30,Flat,,N
F0257,2023,2022,61,N,MN,5732656,222,71,30,0.02,191089,e. $5M-10M,12,Up 15%,,N
F0301,2023,2022,62,N,FL,5700000,120,5,28,0,203571,e. $5M-10M,23,Down 3%,,N
F0180,2023,2022,63,N,OH,5692064,250,10,18,0,316226,e. $5M-10M,22,Flat,,N
F0162,2023,2022,64,N,MO,5680982,73,10,18,0,315610,e. $5M-10M,15,Up 10%,,N
F0302,2023,2022,65,N,MD,5649300,40,0,23,0.01,245622,e. $5M-10M,16,Up 10%,,N
F0250,2023,2022,66,N,CA,5359152,23,0,18,0,297731,e. $5M-10M,10,Flat,,N
F0254,2023,2022,67,N,MT,5317978,31,2,20,0.03,265899,e. $5M-10M,22,Up 8%,,N
F0166,2023,2022,68,N,MA,5276868,296,65,25,0.05,211075,e. $5M-10M,27,Up 15 %,,N
F0102,2023,2022,69,N,CA,5255594,55,0,23,0.01,228504,e. $5M-10M,31,Flat,,N
F0123,2023,2022,70,N,LA,5229024,345,28,18,0.1,290501,e. $5M-10M,20,Flat,,N
F0090,2023,2022,71,N,PA,5177022,312,18,22,0.2,235319,e. $5M-10M,41,Flat,,N
F0208,2023,2022,72,Y,GA,5100000,130,12,14,0.07,364286,e. $5M-10M,16,Up 10%,,N
F0032,2023,2022,72,Y,NY,5100000,87,2,20,0,255000,e. $5M-10M,34,Up 20%,,N
F0293,2023,2022,74,N,TX,4959667,400,2,12,0.01,413306,d. $3M-5M,16,Flat,,N
F0300,2023,2022,75,N,NC,4952000,1980,465,21,0.07,235810,d. $3M-5M,53,Up 10%,,N
F0079,2023,2022,76,N,FL,4950000,40,0,18,0,275000,d. $3M-5M,20,Up 20%,,N
F0281,2023,2022,77,N,CA,4799334,350,12,20,0.01,239967,d. $3M-5M,21,Up 20%,,N
F0045,2023,2022,78,N,NY,4757705,45,0,8,0,594713,d. $3M-5M,30,Flat,,N
F0252,2023,2022,79,N,CA,4739714,271,87,30,0.05,157990,d. $3M-5M,9,Up 20%,,N
F0267,2023,2022,80,N,PA,4599385,100,6,12,0.02,383282,d. $3M-5M,17,Up 5%,,N
F0243,2023,2022,81,N,IN,4543455,1300,50,12,0.01,378621,d. $3M-5M,26,Up 5%,,N
F0306,2023,2022,82,N,ID,4500379,255,17,22,0.18,204563,d. $3M-5M,13,Up 20%-25%,,N
F0307,2023,2022,83,N,PA,4306335,21,5,19,0.07,226649,d. $3M-5M,21,Up 25%,,N
F0213,2023,2022,84,N,AR,4255805,305,31,23,0.04,185035,d. $3M-5M,16,Up 10%,,N
F0263,2023,2022,85,N,NC,4248310,416,98,23,0.2,184709,d. $3M-5M,5,Up 10%-20%,,N
F0283,2023,2022,86,N,NC,4159490,56,2,14,0.02,297106,d. $3M-5M,15,Flat,,N
F0231,2023,2022,87,N,NY,4100000,60,5,13,0.02,315385,d. $3M-5M,13,Flat,,N
F0291,2023,2022,88,N,NC,4017312,134,13,22,0.03,182605,d. $3M-5M,13,Up 20%,,N
F0072,2023,2022,89,N,AZ,3970328,75,10,20,0.05,198516,d. $3M-5M,22,Up 10%,,N
F0088,2023,2022,90,N,NJ,3938000,26,43,13,0.15,302923,d. $3M-5M,36,Up 10 %,,N
F0139,2023,2022,91,N,OH,3900000,225,35,19,0,205263,d. $3M-5M,69,Up 10%-15%,,N
F0303,2023,2022,92,N,SC,3725000,30,1,10,0.01,372500,d. $3M-5M,17,Up 2%-3%,,N
F0191,2023,2022,93,N,MI,3667498,70,0,19,0,193026,d. $3M-5M,15,Up 10%,,N
F0111,2023,2022,94,N,CA,3600000,45,5,15,0.2,240000,d. $3M-5M,40,Up 10%,,N
F0308,2023,2022,95,N,AZ,3581516,40,75,21,0.01,170548,d. $3M-5M,34,Flat,,N
F0309,2023,2022,96,N,CA,3464208,60,1,17,0,203777,d. $3M-5M,20,Flat,,N
F0206,2023,2022,97,N,PA,3297809,300,100,16,0,206113,d. $3M-5M,74,Up 10%,,N
F0310,2023,2022,98,N,OH,3294994,166,21,10,0.14,329499,d. $3M-5M,19,Up 15%,,N
F0311,2023,2022,99,N,CO,3079203,73,5,12,0,256600,d. $3M-5M,10,Up 20%-25%,,N
F0312,2023,2022,100,N,NC,2950000,88,110,4,0.06,737500,c. $2M-3M,16,Up 15%,,N
F0131,2024,2023,1,N,FL,448470000,,,14300,0.84,31362,g. $25M+,150,Flat,,Y
F0001,2024,2023,2,N,PA,188882195,27069,1915,676,0.739,279412,g. $25M+,74,Up 4%,,Y
F0004,2024,2023,3,N,CA,149950000,2285,120,98,0,1530102,g. $25M+,43,Up 10%,,N
F0101,2024,2023,4,N,IL,101000000,23000,800,138,0.05,731884,g. $25M+,88,Up,,N
F0270,2024,2023,5,N,KS,85000000,1500,100,300,0.05,283333,g. $25M+,4,Flat,,N
F0022,2024,2023,6,N,PA,52600000,1676,5,92,0,571739,g. $25M+,44,Up 8%,,N
F0313,2024,2023,7,N,AZ,29054197,11329,307,122,0.04,238149,g. $25M+,20,Up 13%,,N
F0314,2024,2023,8,N,GA,27561204,900,24,167,0.01,165037,g. $25M+,33,N/A,,N
F0003,2024,2023,9,N,NY,26500000,345,35,97,0.1,273196,g. $25M+,48,Up 2%-3%,,N
F0189,2024,2023,10,N,CA,22605238,94,7,93,0.03,243067,f. $10M-25M,34.5,Down 5%,,N
F0202,2024,2023,11,N,AL,18250000,250,20,85,0.03,214706,f. $10M-25M,18,Flat,,N
F0010,2024,2023,12,N,NY,18186452,189,2,50,0.01,363729,f. $10M-25M,42,Steady,,N
F0041,2024,2023,13,N,IN,17287081,346,5,58,0.07,298053,f. $10M-25M,27,Up 7%,,N
F0161,2024,2023,14,N,MI,17000000,2875,0,125,0,136000,f. $10M-25M,49,Flat,,N
F0200,2024,2023,15,N,FL,16348041,118,7,58,,281863,f. $10M-25M,19,Up 5%,,N
F0112,2024,2023,16,N,IL,16264213,1922,592,58,0.12,280417,f. $10M-25M,30,Up 10%,,N
F0259,2024,2023,17,N,TX,16000000,1000,18,120,0.01,133333,f. $10M-25M,41,Down 3%,,N
F0249,2024,2023,18,N,TX,15892586,217,170,60,0.02,264876,f. $10M-25M,10,Up 25%,,N
F0151,2024,2023,19,N,FL,14406000,2998,20,48,0.08,300125,f. $10M-25M,23,Up 5%,,N
F0034,2024,2023,20,N,CA,14069050,125,2,58,0.01,242570,f. $10M-25M,30,Up 10%,,N
F0277,2024,2023,21,N,AZ,13745522,150,10,53,0,259349,f. $10M-25M,18,Flat,,N
F0294,2024,2023,22,N,CA,13303484,6305,62,79,0.08,168399,f. $10M-25M,34,Flat,,N
F0158,2024,2023,23,N,CO,13200000,426,480,46,0,286957,f. $10M-25M,22,Up 14%,,N
F0007,2024,2023,24,N,FL,13000000,175,5,53,0.01,245283,f. $10M-25M,37,Up 8%,,N
F0285,2024,2023,25,N,UT,12655088,30,360,28,0.02,451967,f. $10M-25M,71,Up 5%,,N
F0054,2024,2023,26,N,AR,12161408,400,20,33,0.02,368528,f. $10M-25M,21,Up 15%,,N
F0295,2024,2023,27,N,IL,12000000,1100,35,35,0.03,342857,f. $10M-25M,16,Up 10%,,N
F0163,2024,2023,28,N,SC,11500000,200,75,46,0.06,250000,f. $10M-25M,21,Up 5%,,N
F0115,2024,2023,29,N,WA,11139809,164,52,51,0.03,218428,f. $10M-25M,18,Up 15%,,N
F0272,2024,2023,30,N,NV,10950900,263,25,39,0.39,280792,f. $10M-25M,17,Up 25%,,N
F0113,2024,2023,31,N,NV,10250000,40,5,49,0.01,209184,f. $10M-25M,26,Up 5%,,N
F0025,2024,2023,32,N,NY,10200000,90,0,20,0,510000,f. $10M-25M,37,Up,,N
F0070,2024,2023,33,N,IN,9393950,127,26,41,0.01,229121,e. $5M-10M,25,Flat,,N
F0296,2024,2023,34,N,TN,9342000,1991,189,59,0.39,158339,e. $5M-10M,56,Up,,N
F0127,2024,2023,35,N,MA,9200000,168,19,32,0.02,287500,e. $5M-10M,50,Up 5%,,N
F0315,2024,2023,36,N,TX,8693125,55,175,70,0,124188,e. $5M-10M,9,Up 20%,,N
F0246,2024,2023,37,N,NY,8650000,75,10,36,0.03,240278,e. $5M-10M,13,Flat,,N
F0028,2024,2023,38,N,TX,8400000,600,12,41,0.01,204878,e. $5M-10M,49,Flat,,N
F0155,2024,2023,39,N,TX,8202570,94,14,38,0.03,215857,e. $5M-10M,20,Flat,,N
F0289,2024,2023,40,N,FL,8175000,750,250,49,0.2,166837,e. $5M-10M,41,Up 9.1%,,N
F0204,2024,2023,41,N,FL,8150346,1250,15,42,0.08,194056,e. $5M-10M,22,Up 5%,,N
F0255,2024,2023,42,N,NY,7719890,151,10,23,0.01,335647,e. $5M-10M,20,Up 20%,,N
F0152,2024,2023,43,N,CO,7835894,62,121,28,0.06,279853,e. $5M-10M,20,Up 10%,,N
F0298,2024,2023,44,N,TX,7546000,76,4,15,0.03,503067,e. $5M-10M,23,Up 10%,,N
F0316,2024,2023,45,N,CO,7500000,300,15,20,0,375000,e. $5M-10M,7,Up 7%,,N
F0251,2024,2023,46,N,NC,7396000,333,52,32,0.05,231125,e. $5M-10M,47,Up 4%,,N
F0297,2024,2023,47,N,AZ,7318559,300,15,35,0.02,209102,e. $5M-10M,13,Up 20%,,N
F0302,2024,2023,48,N,MD,7316645,54,1,24,0.01,304860,e. $5M-10M,17,Flat,,N
F0232,2024,2023,49,N,CO,7150063,56,10,32,0.01,223439,e. $5M-10M,20,Up 12%,,N
F0279,2024,2023,50,N,UT,7091910,117,4,18,0.02,393995,e. $5M-10M,11,Up 3%,,N
F0266,2024,2023,51,N,NY,6983646,95,22,33,0.03,211626,e. $5M-10M,9,Up 70%,,N
F0317,2024,2023,52,N,MA,6910977,65,15,28,0.41,246821,e. $5M-10M,32,Up 36%+,,N
F0248,2024,2023,53,N,NY,6890000,975,8,23,0,299565,e. $5M-10M,49,Flat,,N
F0304,2024,2023,54,N,TX,6880000,150,12,24,0.01,286667,e. $5M-10M,22,Down 10%,,N
F0254,2024,2023,55,N,MT,6288000,27,0,23,0.04,273391,e. $5M-10M,24,Up 5%,,N
F0300,2024,2023,56,N,NC,6250000,472,75,26,0.07,240385,e. $5M-10M,19,Flat,,N
F0301,2024,2023,57,N,FL,6209763,120,5,28,0,221777,e. $5M-10M,23,Down 3.5%,,N
F0299,2024,2023,58,N,NC,6050382,400,10,26,0.05,232707,e. $5M-10M,30,Up 5-10%,,N
F0180,2024,2023,59,N,OH,5869285,200,15,19,0,308910,e. $5M-10M,23,Flat,,N
F0166,2024,2023,60,N,MA,5587092,164,72,22,0.03,253959,e. $5M-10M,28,Up 10%,,N
F0252,2024,2023,61,N,CA,5743277,150,30,20,0.1,287164,e. $5M-10M,20,Up 20%,,N
F0049,2024,2023,62,N,TX,5420172,390,4,15,0.02,361345,e. $5M-10M,30,Flat,,N
F0032,2024,2023,63,N,NY,5400000,75,2,20,0,270000,e. $5M-10M,35,Up,,N
F0267,2024,2023,64,N,PA,5256609,120,0,16,0.0108,328538,e. $5M-10M,19,Flat,,N
F0231,2024,2023,65,N,NY,5000000,55,5,16,0.01,312500,e. $5M-10M,17,Flat,,N
F0090,2024,2023,66,N,PA,4878987,172,12,21,0.02,232333,d. $3M-5M,42,Flat,,N
F0181,2024,2023,67,N,VA,4842302,1100,275,28,,172939,d. $3M-5M,21,Up 5%,,N
F0079,2024,2023,68,N,FL,4825000,40,3,19,0,253947,d. $3M-5M,21,Up 15,,N
F0213,2024,2023,69,N,AR,4781156,258,33,23,0.05,207876,d. $3M-5M,17,Up 10%,,N
F0045,2024,2023,70,N,NY,4757705,45,0,8,0,594713,d. $3M-5M,31,Up 10%,,N
F0306,2024,2023,71,N,ID,4713460,200,25,22,0.2,214248,d. $3M-5M,14,Up 10%,,N
F0291,2024,2023,72,N,NC,4621526,107,21,19,0.03,243238,d. $3M-5M,14,Up 10%,,N
F0208,2024,2023,73,N,GA,4600000,140,8,14,0.1,328571,d. $3M-5M,16,Up 20%,,N
F0263,2024,2023,74,N,NC,4486757,397,112,21,0.3,213655,d. $3M-5M,6,Flat,,N
F0310,2024,2023,75,N,OH,4350171,175,34,17,0.12,255892,d. $3M-5M,20,Up 10%,,N
F0123,2024,2023,76,N,LA,4250000,198,29,18,0.05,236111,d. $3M-5M,21,Flat,,N
F0072,2024,2023,77,N,AZ,4210678,60,8,20,0.05,210534,d. $3M-5M,23,Flat,,N
F0318,2024,2023,78,N,TN,4200000,255,30,26,0.01,161538,d. $3M-5M,8,Flat,,N
F0293,2024,2023,79,N,TX,4155888,300,0,13,0.05,319684,d. $3M-5M,17,Positive,,N
F0088,2024,2023,80,N,NJ,4126000,32,41,12,0.18,343833,d. $3M-5M,37,Up 10%,,N
F0243,2024,2023,81,N,IN,4020730,520,40,12,0.015,335061,d. $3M-5M,27,Flat,,N
F0319,2024,2023,82,N,CO,3981385,130,16,20,0.04,199069,d. $3M-5M,16,Up 25%,,N
F0139,2024,2023,83,N,OH,3800000,300,20,19,0,200000,d. $3M-5M,70,Flat to Slightly Up,,N
F0191,2024,2023,84,N,MI,3632545,46,0,18,0.01,201808,d. $3M-5M,16,Up 10%,,N
F0320,2024,2023,85,N,NY,3612263,57,183,10,0.05,361226,d. $3M-5M,40,Up,,N
F0111,2024,2023,86,N,CA,3600000,53,11,17,0.28,211765,d. $3M-5M,42,Up 17%,,N
F0303,2024,2023,87,N,SC,3587731,28,2,10,0.02,358773,d. $3M-5M,18,Up 2%-3%,,N
F0321,2024,2023,88,N,ID,3346725,150,2,15,0.05,223115,d. $3M-5M,28,Up 5%,,N
F0322,2024,2023,89,N,NJ,3300000,45,5,8,0.35,412500,d. $3M-5M,34,Up 15%,,N
F0323,2024,2023,90,N,CT,3100000,146,10,11,0.03,281818,d. $3M-5M,23,Flat,,N
F0324,2024,2023,91,N,ME,2845000,145,0,9,0.03,316111,c. $2M-3M,20,Up 5%,,N
F0325,2024,2023,92,N,KS,2780000,121,19,10,0.01,278000,c. $2M-3M,7,Flat,,N
F0206,2024,2023,93,N,PA,2764556,272,156,17,0,162621,c. $2M-3M,76,Up Slightly,,N
F0326,2024,2023,94,N,TX,2500000,50,30,8,0.02,312500,c. $2M-3M,7,Up 3%,,N
F0309,2024,2023,95,N,CA,2351880,55,2,11,0.03,213807,c. $2M-3M,21,Up 3-7%,,N
F0312,2024,2023,96,N,NC,2325125,275,98,4,0.085,581281,c. $2M-3M,17,Very Positive,,N
F0327,2024,2023,97,N,TX,2134175,,,15,0,142278,c. $2M-3M,8,N/A,,N
F0328,2024,2023,98,N,NY,1500000,28,12,4,0.16,375000,b. $1M-2M,23,Up 20%,,N
F0329,2024,2023,99,N,IN,1423541,327,6,7,0.05,203363,b. $1M-2M,12,Up 12%,,N
F0330,2024,2023,100,N,NJ,1100000,16,0,3,0.05,366667,b. $1M-2M,12,Up 9%,,N
F0131,2025,2024,1,N,FL,587760000,,,12800,0.88,45919,g. $25M+,151,up 2%-7%,,Y
F0001,2025,2024,2,N,PA,200674063,23856,1709,674,0.711,297736,g. $25M+,75,up 5%,,Y
F0004,2025,2024,3,N,CA,144950000,1995,98,96,0,1509896,g. $25M+,43,up 10%,,N
F0101,2025,2024,4,N,IL,40000000,19000,700,143,0.03,279720,g. $25M+,89,flat-up 5%,,N
F0314,2025,2024,5,N,GA,29652844,400,34,167,0.01,177562,g. $25M+,34,N/A,,N
F0003,2025,2024,6,N,NY,26750000,355,40,99,0.1,270202,g. $25M+,49,flat,,N
F0313,2025,2024,7,N,AZ,26014169,8600,540,108,0.06,240872,g. $25M+,25,N/A,,N
F0259,2025,2024,8,N,TX,21729022,1000,8,105,0.01,206943,f. $10M-25M,42,up 10%,,N
F0010,2025,2024,9,N,NY,19224300,120,1,49,0.03,392333,f. $10M-25M,43,steady,,N
F0249,2025,2024,10,N,TX,18801696,309,210,70,0.02,268596,f. $10M-25M,11,up 6%,,N
F0041,2025,2024,11,N,IN,18197176,352,11,71,0.08,256298,f. $10M-25M,28,up 6%,,N
F0112,2025,2024,12,N,IL,18181847,2078,722,64,0.1,284091,f. $10M-25M,31,up 10%,,N
F0200,2025,2024,13,N,FL,16222107,177,7,61,,265936,f. $10M-25M,20,up 5%,,N
F0202,2025,2024,14,Y,AL,16000000,250,20,80,0.03,200000,f. $10M-25M,19,flat,,N
F0295,2025,2024,14,Y,IL,16000000,1300,40,45,0.08,355556,f. $10M-25M,17,up 10%,,N
F0158,2025,2024,16,N,CO,15800000,,,,,,f. $10M-25M,,,,N
F0277,2025,2024,17,N,AZ,15300000,,,,,,f. $10M-25M,,,,N
F0113,2025,2024,18,N,NV,15245000,100,10,49,0.01,311122,f. $10M-25M,27,up 5%,,N
F0007,2025,2024,19,N,FL,14000000,,,,,,f. $10M-25M,,,,N
F0151,2025,2024,20,N,FL,13664000,3558,25,48,0.1,284667,f. $10M-25M,24,up 5%,,N
F0163,2025,2024,21,N,SC,13253000,198,113,51,0.06,259863,f. $10M-25M,22,up 5-10%,,N
F0054,2025,2024,22,N,AR,12201975,361,12,32,0.02,381312,f. $10M-25M,22,up 15%,,N
F0285,2025,2024,23,N,UT,12066832,22,416,26,0.03,464109,f. $10M-25M,72,up 5%,,N
F0115,2025,2024,24,N,WA,10884238,143,36,46,0.03,236614,f. $10M-25M,19,up 15%,,N
F0296,2025,2024,25,N,TN,10659000,2009,255,63,0.41,169190,f. $10M-25M,57,up,,N
F0025,2025,2024,26,N,NY,10250000,92,0,20,0,512500,f. $10M-25M,38,up,,N
F0067,2025,2024,27,N,CA,10015992,301,7,27,0,370963,f. $10M-25M,27,up 10%,,N
F0034,2025,2024,28,N,CA,9755022,79,1,27,0.05,361297,e. $5M-10M,31,even,,N
F0076,2025,2024,29,N,NV,9500000,230,15,20,0.18,475000,e. $5M-10M,44,up 5%,,N
F0297,2025,2024,30,N,AZ,9123568,275,8,35,0.02,260673,e. $5M-10M,14,up 10%,,N
F0289,2025,2024,31,N,FL,9100000,810,305,49,0.22,185714,e. $5M-10M,42,up 11%,,N
F0255,2025,2024,32,N,NY,8802673,163,5,22,0.01,400122,e. $5M-10M,19,up 10%,,N
F0232,2025,2024,33,N,CO,8800000,85.5,13.5,36.5,0.01,241096,e. $5M-10M,,Up ~8.5% (synthetic),,N
F0317,2025,2024,34,N,MA,8774000,88,28,34,0.38,258059,e. $5M-10M,33,up 15%,,N
F0152,2025,2024,35,N,CO,8691034,71,129,34,0.07,255619,e. $5M-10M,21,up 15%,,N
F0254,2025,2024,36,N,MT,8438400,26,0,24,0.03,351600,e. $5M-10M,25,up 2.5%,,N
F0155,2025,2024,37,N,TX,8202570,94,14,38,0.03,215857,e. $5M-10M,20,flat,,N
F0168,2025,2024,38,N,TX,8100765,120,90,13,0.3,623136,e. $5M-10M,25,flat,,N
F0316,2025,2024,39,N,CO,8000000,350,15,20,0,400000,e. $5M-10M,8,up 5%,,N
F0302,2025,2024,40,N,MD,7867960,55,0,24,0.01,327832,e. $5M-10M,18,flat,,N
F0266,2025,2024,41,N,NY,7683646,80,35,25,0.1,307346,e. $5M-10M,9,up 25%,,N
F0070,2025,2024,42,N,IN,7639111,132,15,37,0.01,206462,e. $5M-10M,26,flat,,N
F0315,2025,2024,43,N,TX,7597287,48,154,52,0,146102,e. $5M-10M,10,up 10%,,N
F0223,2025,2024,44,Y,OR,7250000,600,250,28,0.02,258929,e. $5M-10M,44,up 5%,,N
F0246,2025,2024,44,Y,NY,7250000,50,8,30,0.04,241667,e. $5M-10M,14,up 20%,,N
F0028,2025,2024,46,N,TX,7200000,600,20,38,0.01,189474,e. $5M-10M,50,up 10%,,N
F0251,2025,2024,47,N,NC,6980000,325,45,34,0.05,205294,e. $5M-10M,48,up 3%-5%,,N
F0279,2025,2024,48,N,UT,6864541,138,2,21,0.02,326883,e. $5M-10M,12,flat,,N
F0204,2025,2024,49,N,FL,6761028,550,10,34,0.09,198854,e. $5M-10M,23,up 10%,,N
F0248,2025,2024,50,N,NY,6750000,875,5,23,0,293478,e. $5M-10M,50,up 5%,,N
F0291,2025,2024,51,N,NC,6662076,186,54,27,0.02,246744,e. $5M-10M,15,up 5%,,N
F0298,2025,2024,52,N,TX,6566000,51,4,17,0.03,386235,e. $5M-10M,26,up 3%,,N
F0300,2025,2024,53,N,NC,6320000,410,135,26,0.1,243077,e. $5M-10M,19,flat,,N
F0299,2025,2024,54,N,NC,6103789,400,5,28,0.02,217992,e. $5M-10M,30,flat,,N
F0032,2025,2024,55,Y,NY,6100000,95,0,20,0,305000,e. $5M-10M,36,up,,N
F0208,2025,2024,55,Y,GA,6100000,150,6,14,0.15,435714,e. $5M-10M,17,up 15%,,N
F0267,2025,2024,57,N,PA,5924403,100,0,16,0.011,370275,e. $5M-10M,20,decrease,,N
F0293,2025,2024,58,N,TX,5680999,325,0,13,0.05,437000,e. $5M-10M,18,positive,,N
F0123,2025,2024,59,N,LA,5540950,80,10,11,0.05,503723,e. $5M-10M,21,down,,N
F0166,2025,2024,60,N,MA,5515100,156,58,20,0.01,275755,e. $5M-10M,29,up 10%,,N
F0213,2025,2024,61,N,AR,5255070,290,47,24,0.05,218961,e. $5M-10M,18,up 5%,,N
F0243,2025,2024,62,N,IN,5031192,600,50,12,0.015,419266,e. $5M-10M,28,flat,,N
F0231,2025,2024,63,Y,NY,5000000,208,2,16,0.1,312500,e. $5M-10M,18,flat,,N
F0262,2025,2024,63,Y,TX,5000000,65,5,20,0.01,250000,e. $5M-10M,15,up 20%,,N
F0088,2025,2024,65,N,NJ,4773241,40,32,14,0.2,340946,d. $3M-5M,38,up 10%,,N
F0090,2025,2024,66,N,PA,4620359,160,8,20,0.26,231018,d. $3M-5M,43,up 2% - 5%,,N
F0263,2025,2024,67,N,NC,4440428,410,140,21,0.25,211449,d. $3M-5M,7,flat,,N
F0319,2025,2024,68,N,CO,4396213,257,10,21,0.04,209343,d. $3M-5M,16,up 25%,,N
F0306,2025,2024,69,N,ID,4300000,150,30,18,0.2,238889,d. $3M-5M,15,up 25%,,N
F0049,2025,2024,70,N,TX,4235102,330,6,15,0.04,282340,d. $3M-5M,40,depends on housing starts,,N
F0310,2025,2024,71,N,OH,4227299,130,26,15,0.14,281820,d. $3M-5M,21,flat,,N
F0079,2025,2024,72,Y,FL,4200000,38,3,17,0.9,247059,d. $3M-5M,22,up 8%,,N
F0191,2025,2024,72,Y,MI,4200000,78,4,25,0.05,168000,d. $3M-5M,17,up 15%,,N
F0072,2025,2024,74,N,AZ,4054433,75,5,17,0.05,238496,d. $3M-5M,24,flat,,N
F0331,2025,2024,75,N,MX,4000000,35,4,60,0.2,66667,d. $3M-5M,11,up 15%,,N
F0197,2025,2024,76,N,OR,3840000,190,14,16,0.03,240000,d. $3M-5M,45,up 6%,,N
F0139,2025,2024,77,N,OH,3825000,325,25,15,0,255000,d. $3M-5M,71,slightly up,,N
F0332,2025,2024,78,N,TX,3800000,23,3,10,0.01,380000,d. $3M-5M,15,up 5%,,N
F0111,2025,2024,79,N,CA,3700000,57,16,16,0.28,231250,d. $3M-5M,43,up 17%,,N
F0318,2025,2024,80,N,TN,3523551,249,30,26,0.02,135521,d. $3M-5M,9,up,,N
F0322,2025,2024,81,N,NJ,3300000,50,5,11,0.35,300000,d. $3M-5M,34,up 15%,,N
F0333,2025,2024,82,N,PA,3200000,22,10,11,0.01,290909,d. $3M-5M,7,up 5%,,N
F0324,2025,2024,83,N,ME,3100000,140,0,9,0.04,344444,d. $3M-5M,21,flat,,N
F0321,2025,2024,84,N,ID,3000517,120,2,13,0.05,230809,d. $3M-5M,29,flat,,N
F0334,2025,2024,85,Y,SK (Canada),3000000,36,18,13,0.05,230769,d. $3M-5M,15,up 10%,,N
F0335,2025,2024,85,Y,KS,3000000,113,8,19,0.02,157895,d. $3M-5M,13,up 15%-20%,,N
F0327,2025,2024,87,N,TX,2832909,50,6,14,0.01,202351,c. $2M-3M,9,up,,N
F0336,2025,2024,88,N,NY,2600000,60,35,9,0.07,288889,c. $2M-3M,13,flat,,N
F0323,2025,2024,89,Y,CT,2500000,132,12,11,0.03,227273,c. $2M-3M,24,up slightly,,N
F0337,2025,2024,89,Y,MA,2500000,40,1,8,0.01,312500,c. $2M-3M,7,up 10-15%,,N
F0326,2025,2024,91,N,TX,2488000,30,20,7,0.02,355429,c. $2M-3M,8,up 4%,,N
F0206,2025,2024,92,N,PA,2436130,422,86,17,0,143302,c. $2M-3M,77,flat,,N
F0338,2025,2024,93,N,VA,2262683,20,0,6,0,377114,c. $2M-3M,4,up 100%,,N
F0312,2025,2024,94,N,NC,2151393,249,88,4,0.085,537848,c. $2M-3M,18,very positive,,N
F0339,2025,2024,95,N,NJ,2100000,25,7,7,0.05,300000,c. $2M-3M,8,up 10%,,N
F0340,2025,2024,96,Y,CA,2000000,,,6,0.02,333333,c. $2M-3M,20,up 5%,,N
F0341,2025,2024,96,Y,NV,2000000,100,5,15,0,133333,c. $2M-3M,19,up 5%,,N
F0342,2025,2024,98,N,PA,1743955,114,28,15,0.07,116264,b. $1M-2M,25,up 30%,,N
F0329,2025,2024,99,N,IN,1586439,344,9,8,0.07,198305,b. $1M-2M,13,up 15%,,N
F0330,2025,2024,100,N,NJ,1470000,11,0,3,0.04,490000,b. $1M-2M,13,up,,N
F0131,2026,2025,1,N,FL,5128607000,,,12200,,420378,g. $25M+,151,N/A,,Y
F0135,2026,2025,2,N,UT,2144000000,,,12000,0.99,178667,g. $25M+,27,Up 6-7%,,Y
F0001,2026,2025,3,N,PA,214411000,23752,2286,662,0.72,323884,g. $25M+,76,Up 3%,,Y
F0004,2026,2025,4,N,CA,151785000,1980,98,96,0,1581094,g. $25M+,45,Up 10%,,N
F0314,2026,2025,5,N,GA,42486000,650,60,164,,259061,g. $25M+,37,Flat,,N
F0003,2026,2025,6,N,NY,26100000,350,40,98,0.1,266327,g. $25M+,50,Flat,,N
F0041,2026,2025,7,N,IN,20099282,186,9,71,0.05,283088,f. $10M-25M,29,Up 10%,,N
F0112,2026,2025,8,N,IL,20080212,2042,682,82,0.12,244881,f. $10M-25M,32,Up 10%,,N
F0295,2026,2025,9,N,IL,19800000,1400,50,55,0.08,360000,f. $10M-25M,18,Up 20%,,N
F0010,2026,2025,10,N,NY,18976000,116,4,48,0.08,395333,f. $10M-25M,44,Up 10%,,N
F0343,2026,2025,11,N,IL,18004242,73,110,66,0.01,272792,f. $10M-25M,12,Up 30%,,N
F0200,2026,2025,12,N,FL,16666146,211,7,62,0.013,268809,f. $10M-25M,20,Flat,,N
F0113,2026,2025,13,N,NV,14525000,52,8,48,,302604,f. $10M-25M,28,Flat,,N
F0025,2026,2025,14,N,NY,13751000,119,1,20,0.05,687550,f. $10M-25M,39,Up 3%,,N
F0272,2026,2025,15,N,CA,13746840,225,5,45,0.1,305485,f. $10M-25M,21,Up 18%,,N
F0285,2026,2025,16,N,UT,13664074,10,224,25,0.05,546563,f. $10M-25M,73,Up 15%,,N
F0115,2026,2025,17,N,WA,13387764,132,45,51,0.1,262505,f. $10M-25M,20,Up 20%,,N
F0151,2026,2025,18,N,FL,13323000,2957,30,49,0.01,271898,f. $10M-25M,25,Flat,,N
F0163,2026,2025,19,N,SC,13112609,205,90,50,0.06,262252,f. $10M-25M,23,Up 2%,,N
F0278,2026,2025,20,N,TX,12700000,16,1,32,0.01,396875,f. $10M-25M,10,Up 18%,,N
F0257,2026,2025,21,N,MN,10941260,126,53,39,0.01,280545,f. $10M-25M,15,Flat,,N
F0344,2026,2025,22,N,FL,10247000,1200,25,45,0.1,227711,f. $10M-25M,25,Up 10%,,N
F0232,2026,2025,23,N,CO,9251062,115,17,41,0.01,225636,e. $5M-10M,22,Up 5%,,N
F0315,2026,2025,24,N,TX,8704725,37,307,46,0.012,189233,e. $5M-10M,12,Up 12%,,N
F0291,2026,2025,25,N,NC,8659840,177,45,36,0.0237,240551,e. $5M-10M,15,Flat,,N
F0251,2026,2025,26,N,NC,8560207,115,25,34,0.05,251771,e. $5M-10M,49,Flat,,N
F0297,2026,2025,27,N,AZ,8227517,230,5,38,0.03,216514,e. $5M-10M,15,Up 15%,,N
F0152,2026,2025,28,N,CO,7946541,86,107,34,0.068,233722,e. $5M-10M,24,Up 10%,,N
F0302,2026,2025,29,N,MD,7813616,65,0,22,0.01,355164,e. $5M-10M,20,Flat,,N
F0070,2026,2025,30,N,IN,7433566,195,26,37,0.03,200907,e. $5M-10M,27,Up 2%,,N
F0204,2026,2025,31,N,FL,7356415,350,10,28,0.07,262729,e. $5M-10M,23,Up 5%,,N
F0298,2026,2025,32,N,TX,7329000,90,6,16,0.03,458062,e. $5M-10M,27,Up 5%,,N
F0345,2026,2025,33,N,CA,7093127,98,25,30,0.01,236438,e. $5M-10M,25,Flat,,N
F0248,2026,2025,34,N,NY,6880000,800,10,25,,275200,e. $5M-10M,51,Flat,,N
F0299,2026,2025,35,N,NC,6852412,400,5,25,0.01,274096,e. $5M-10M,31,Up 3%,,N
F0319,2026,2025,36,N,CO,6420545,240,16,23,0.04,279154,e. $5M-10M,18,Flat,,N
F0034,2026,2025,37,N,CA,6400000,35,3,26,0.03,246154,e. $5M-10M,32,Up 30%,,N
F0223,2026,2025,38,N,OR,6308494,300,20,28,0.01,225303,e. $5M-10M,45,Up 12%,,N
F0214,2026,2025,39,N,FL,5980390,42,7,21,0.05,284780,e. $5M-10M,18,Up 5-10%,,N
F0090,2026,2025,40,N,PA,5806090,194,21,20,0.25,290304,e. $5M-10M,44,Up 5%,,N
F0208,2026,2025,41,N,GA,5658518,200,10,14,0.15,404180,e. $5M-10M,18,Up 10%,,N
F0213,2026,2025,42,N,AR,5460277.77,261,46,22,0.05,248194,e. $5M-10M,19,Up 5%,,N
F0166,2026,2025,43,N,MA,5426531,156,54,20,0.05,271327,e. $5M-10M,29,Up by 10%,,N
F0346,2026,2025,44,N,FL,5378000,16,31,22,0.12,244455,e. $5M-10M,26,Up 12%,,N
F0079,2026,2025,45,N,FL,5123739,40,3,17,0.85,301396,e. $5M-10M,23,Up 10%,,N
F0243,2026,2025,46,N,IN,5098076,325,75,13,0.01,392160,e. $5M-10M,27,Up 5%,,N
F0310,2026,2025,47,N,OH,4856336,110,9,18,0.13,269796,d. $3M-5M,22,Up 10%,,N
F0072,2026,2025,48,N,AZ,4812185,50,2,18,0.03,267344,d. $3M-5M,25,Up 10%,,N
F0347,2026,2025,49,N,KS,4803185,40,20,14,0.08,343085,d. $3M-5M,44,Up 5%,,N
F0348,2026,2025,50,N,UT,4760338,10,,12,0.03,396695,d. $3M-5M,20,Up 5%,,N
F0032,2026,2025,51,N,NY,4556563,111,1,17,0.01,268033,d. $3M-5M,37,Up 10%,,N
F0349,2026,2025,52,N,TX,4511418,140,2,11,0.024,410129,d. $3M-5M,53,Up 10%,,N
F0350,2026,2025,53,N,UT,4500000,50,10,21,0.05,214286,d. $3M-5M,26,Up 10%,,N
F0351,2026,2025,54,N,NY,4402223,40,,20,0,220111,d. $3M-5M,13,Up15%,,N
F0352,2026,2025,55,N,TX,4216000,40,3,11,0.01,383273,d. $3M-5M,20,Flat,,N
F0231,2026,2025,56,N,NY,4150232,80,14,15,0.01,276682,d. $3M-5M,20,Up 10%,,N
F0306,2026,2025,57,N,ID,4100000,80,20,17,0.2,241176,d. $3M-5M,16,Up 15- 25%,,N
F0318,2026,2025,58,N,TN,4062492,286,52,,0.02,,d. $3M-5M,10,Up 5%,,N
F0342,2026,2025,59,N,PA,4025445,45,8,14,0.03,287532,d. $3M-5M,26,Up 10%,,N
F0324,2026,2025,60,N,ME,3569122,120,,11,0.04,324466,d. $3M-5M,22,Flat,,N
F0353,2026,2025,61,N,AZ,3500000,9,3,9,0.01,388889,d. $3M-5M,5,Up 100%,,N
F0354,2026,2025,62,N,NC,3385610,55,5,13,,260432,d. $3M-5M,14,Up 20%,,N
F0355,2026,2025,63,N,WA,3285288,35,2,7,0.01,469327,d. $3M-5M,20,Flat,,N
F0356,2026,2025,64,N,FL,3258344,97,0,13,0.06,250642,d. $3M-5M,12,Up 7%,,N
F0357,2026,2025,64,N,OH,3233716,70,20,12,0.01,269476,d. $3M-5M,11,Up 20%,,N
F0358,2026,2025,66,N,CA,3207688,100,10,18,0.1,178205,d. $3M-5M,15,Up 20%,,N
F0322,2026,2025,67,N,NJ,3207049,45,5,11,0.35,291550,d. $3M-5M,34,N/A,,N
F0327,2026,2025,68,N,TX,3166659,105,5,17,0.01,186274,d. $3M-5M,10,Up 10%,,N
F0323,2026,2025,69,N,CT,3070940,202,25,12,0.04,255912,d. $3M-5M,25,Up 15%,,N
F0359,2026,2025,70,N,CA,3020698,3,12,15,0.8,201380,d. $3M-5M,20,Up 20%,,N
F0341,2026,2025,71,N,NV,3006855,200,10,14,0.01,214775,d. $3M-5M,20,Up 100%,,N
F0197,2026,2025,72,Y,OR,3000000,100,10,13,0.01,230769,d. $3M-5M,45,Up 10%,,N
F0339,2026,2025,72,Y,NJ,3000000,38,15,5,0.2,600000,d. $3M-5M,7,Up 20%,,N
F0338,2026,2025,73,N,VA,2800000,25,,6,0.1,466667,c. $2M-3M,5,Up 50%,,N
F0360,2026,2025,74,N,NC,2750000,30,5,17,0.1,161765,c. $2M-3M,25,Up 10%,,N
F0361,2026,2025,75,N,NY,2739072,55,7,8,0.01,342384,c. $2M-3M,15,Up 28%,,N
F0309,2026,2025,76,N,CA,2569258,60,3,10,0.05,256926,c. $2M-3M,23,Up 10%,,N
F0362,2026,2025,77,N,CA,2534868.91,44,,9,0.1,281652,c. $2M-3M,23,Up 16%,,N
F0206,2026,2025,78,N,PA,2465316,225,107,14,,176094,c. $2M-3M,78,Flat,,N
F0363,2026,2025,79,N,MA,2388374,234,258,8,0.04,298547,c. $2M-3M,29,Up 15%,,N
F0312,2026,2025,80,N,NC,2360610,198,98,5,0.09,472122,c. $2M-3M,19,Up 10%,,N
F0364,2026,2025,81,N,NV,2328698.67,10,0,7,0.01,332671,c. $2M-3M,20,Up 20%,,N
F0340,2026,2025,82,N,CA,2266898,25,5,5,0.05,453380,c. $2M-3M,20,Flat,,N
F0365,2026,2025,83,N,RI,2200000,,,6,0.05,366667,c. $2M-3M,19,Up 10%-20%,,N
F0366,2026,2025,84,N,FL,2079122.58,45,2,4,0.01,519781,c. $2M-3M,24,Flat,,N
F0336,2026,2025,85,N,NY,1936201.75,50,20,8,0.07,242025,b. $1M-2M,15,Flat,,N
F0367,2026,2025,86,N,FL,1906243,10,5,6,0.05,317707,b. $1M-2M,29,N/A,,N
F0368,2026,2025,87,N,VA,1750000,37,1,5,0.03,350000,b. $1M-2M,6,Up 13%,,N
F0369,2026,2025,88,N,MO,1738064,70,25,5,0.03,347613,b. $1M-2M,15,Flat,,N
F0329,2026,2025,89,N,IN,1701459,393,12,9,0.08,189051,b. $1M-2M,14,Up 12%,,N
F0370,2026,2025,90,N,IL,1647111,20,5,5,0.01,329422,b. $1M-2M,25,Up 15%,,N
F0371,2026,2025,91,N,TX,1584644,60,5,4,0,396161,b. $1M-2M,6,Up 35%,,N
F0372,2026,2025,92,N,CO,1477897,27,19,6,0.08,246316,b. $1M-2M,26,Up 100%,,N
F0373,2026,2025,93,N,CA,1438000,28,2,3,0.01,479333,b. $1M-2M,27,Up 50%,,N
F0374,2026,2025,94,N,IL,1384151,50,10,2,0.01,692076,b. $1M-2M,24,Up 5%,,N
F0375,2026,2025,95,N,CA,1380000,28,2,4,0.02,345000,b. $1M-2M,8,Up 20%,,N
F0330,2026,2025,96,N,NJ,1375602,16,,3,0.025,458534,b. $1M-2M,14,Flat,,N
F0376,2026,2025,97,N,OH,1350042,193,8,16,0.05,84378,b. $1M-2M,1.5,Up 193%,,N
F0377,2026,2025,98,N,CA,1292167.25,80,1,3,0.05,430722,b. $1M-2M,6,Up 20%,,N
F0378,2026,2025,99,N,CA,1059302,78,4,5,0.05,211860,b. $1M-2M,3,Flat,,N
F0379,2026,2025,100,N,GA,1038939,75,1,7,0.06,148420,b. $1M-2M,3,Up 35%,,N
